-- Adminer 4.2.0 MySQL dump

SET NAMES utf8mb4;
SET time_zone = '+00:00';
SET foreign_key_checks = 0;
SET sql_mode = 'NO_AUTO_VALUE_ON_ZERO';

DROP TABLE IF EXISTS `connections`;
CREATE TABLE `connections` (
  `id` int(11) NOT NULL AUTO_INCREMENT COMMENT 'ID',
  `user1` int(11) NOT NULL COMMENT 'User 1',
  `user2` int(11) NOT NULL COMMENT 'User 2',
  `purpose` enum('friend','support') NOT NULL COMMENT 'Purpose?',
  `blocked` tinyint(4) DEFAULT NULL COMMENT 'Blocked',
  `created_at` timestamp NOT NULL DEFAULT CURRENT_TIMESTAMP COMMENT 'Created at',
  `updated_at` timestamp NOT NULL DEFAULT '0000-00-00 00:00:00' COMMENT 'Updated at',
  PRIMARY KEY (`id`),
  KEY `user1` (`user1`),
  KEY `user2` (`user2`),
  CONSTRAINT `connections_ibfk_3` FOREIGN KEY (`user1`) REFERENCES `users` (`id`) ON DELETE CASCADE ON UPDATE CASCADE,
  CONSTRAINT `connections_ibfk_4` FOREIGN KEY (`user2`) REFERENCES `users` (`id`) ON DELETE CASCADE ON UPDATE CASCADE
) ENGINE=InnoDB DEFAULT CHARSET=latin1 COMMENT='User Connections';

INSERT INTO `connections` (`id`, `user1`, `user2`, `purpose`, `blocked`, `created_at`, `updated_at`) VALUES
(1,	1,	18,	'friend',	NULL,	'2015-03-21 20:26:38',	'2015-03-21 20:26:38'),
(2,	31,	1,	'friend',	NULL,	'2015-04-06 11:14:05',	'2015-04-06 11:14:05'),
(3,	4,	1,	'friend',	NULL,	'2015-04-06 11:14:08',	'2015-04-06 11:14:08'),
(4,	31,	27,	'friend',	NULL,	'2015-04-06 11:46:14',	'2015-04-06 11:46:14'),
(5,	1,	27,	'friend',	NULL,	'2015-04-06 11:46:17',	'2015-04-06 11:46:17'),
(6,	4,	18,	'friend',	NULL,	'2015-04-07 01:25:32',	'2015-04-07 01:25:32'),
(7,	25,	1,	'friend',	NULL,	'2015-04-17 05:13:59',	'2015-04-17 05:13:59'),
(8,	1,	37,	'friend',	NULL,	'2015-04-18 04:56:00',	'2015-04-18 04:56:00'),
(9,	1,	39,	'friend',	NULL,	'2015-04-18 08:34:54',	'2015-04-18 08:34:54'),
(10,	1,	40,	'friend',	NULL,	'2015-04-18 12:03:29',	'2015-04-18 12:03:29'),
(11,	57,	1,	'friend',	NULL,	'2015-04-19 11:24:41',	'2015-04-19 11:24:41'),
(12,	1,	62,	'friend',	NULL,	'2015-04-24 11:55:39',	'2015-04-24 11:55:39'),
(13,	1,	38,	'friend',	NULL,	'2015-04-30 06:06:10',	'2015-04-30 06:06:10'),
(14,	1,	65,	'friend',	NULL,	'2015-05-06 12:46:02',	'2015-05-06 12:46:02'),
(15,	1,	72,	'friend',	NULL,	'2015-05-15 08:51:51',	'2015-05-15 08:51:51');

DROP TABLE IF EXISTS `connection_requests`;
CREATE TABLE `connection_requests` (
  `id` int(11) NOT NULL AUTO_INCREMENT COMMENT 'ID',
  `from_user` int(11) NOT NULL COMMENT 'From user',
  `to_user` int(11) NOT NULL COMMENT 'To user',
  `message` varchar(255) DEFAULT NULL COMMENT 'Message',
  `status` tinyint(4) DEFAULT NULL COMMENT 'Has accepted?',
  `purpose` enum('friend','support') DEFAULT NULL COMMENT 'Purpose?',
  `created_at` timestamp NOT NULL DEFAULT CURRENT_TIMESTAMP COMMENT 'Date sent',
  `updated_at` timestamp NOT NULL DEFAULT '0000-00-00 00:00:00',
  PRIMARY KEY (`id`),
  KEY `from_user` (`from_user`),
  KEY `to_user` (`to_user`),
  CONSTRAINT `connection_requests_ibfk_1` FOREIGN KEY (`from_user`) REFERENCES `users` (`id`) ON DELETE CASCADE,
  CONSTRAINT `connection_requests_ibfk_2` FOREIGN KEY (`to_user`) REFERENCES `users` (`id`) ON DELETE CASCADE
) ENGINE=InnoDB DEFAULT CHARSET=latin1 COMMENT='User Contact Request';

INSERT INTO `connection_requests` (`id`, `from_user`, `to_user`, `message`, `status`, `purpose`, `created_at`, `updated_at`) VALUES
(1,	1,	18,	'I\'d like to get connected',	2,	'friend',	'2015-03-21 19:19:55',	'2015-03-21 20:26:11'),
(2,	1,	6,	'I\'d like to get connected wit dapper :D',	1,	'friend',	'2015-04-02 18:47:53',	'2015-04-02 18:47:53'),
(3,	1,	27,	'I\'d like to get connected ;)',	2,	'friend',	'2015-04-02 18:48:08',	'2015-04-06 11:46:17'),
(4,	4,	1,	'I\'d like to get connected',	2,	'friend',	'2015-04-06 15:09:58',	'2015-04-06 11:14:08'),
(5,	4,	18,	'I\'d like to get connected',	2,	'friend',	'2015-04-06 15:18:30',	'2015-04-07 01:25:32'),
(6,	31,	1,	'I\'d like to get connected',	2,	'friend',	'2015-04-06 11:13:43',	'2015-04-06 11:14:05'),
(7,	31,	27,	'I\'d like to get connected',	3,	'friend',	'2015-04-06 11:45:31',	'2015-04-06 11:46:14'),
(8,	25,	1,	'poda dei poda..',	2,	'friend',	'2015-04-16 12:15:05',	'2015-04-17 05:13:59'),
(10,	29,	28,	'I\'d like to get connected.',	1,	'friend',	'2015-04-17 05:18:38',	'2015-04-17 05:18:38'),
(11,	1,	37,	NULL,	2,	'friend',	'2015-04-18 04:56:00',	'2015-04-18 04:56:00'),
(12,	1,	39,	NULL,	2,	'friend',	'2015-04-18 08:34:54',	'2015-04-18 08:34:54'),
(13,	1,	40,	NULL,	2,	'friend',	'2015-04-18 12:03:29',	'2015-04-18 12:03:29'),
(14,	57,	1,	'I\'d like to get connected',	2,	'friend',	'2015-04-19 11:21:17',	'2015-04-19 11:24:41'),
(15,	36,	58,	'I\'d like to get connected',	1,	'friend',	'2015-04-22 14:27:53',	'2015-04-22 14:27:53'),
(17,	1,	62,	NULL,	2,	'friend',	'2015-04-24 11:55:39',	'2015-04-24 11:55:39'),
(18,	1,	38,	'I\'d like to get connected',	2,	'friend',	'2015-04-30 03:50:48',	'2015-04-30 06:06:10'),
(19,	1,	65,	'I\'d like to get connected',	2,	'friend',	'2015-05-06 11:26:22',	'2015-05-06 12:46:02'),
(20,	1,	28,	'I\'d like to get connected',	1,	'friend',	'2015-05-13 03:56:25',	'2015-05-13 03:56:25'),
(21,	1,	58,	'I\'d like to get connected',	1,	'friend',	'2015-05-14 06:35:55',	'2015-05-14 06:35:55'),
(22,	1,	72,	NULL,	2,	'friend',	'2015-05-15 08:51:51',	'2015-05-15 08:51:51');

DROP TABLE IF EXISTS `feedbacks`;
CREATE TABLE `feedbacks` (
  `id` int(11) NOT NULL AUTO_INCREMENT COMMENT 'ID',
  `name` varchar(55) NOT NULL COMMENT 'Name',
  `content` varchar(2500) NOT NULL COMMENT 'Content',
  `created_at` datetime NOT NULL COMMENT 'Crated_at',
  `updated_at` datetime NOT NULL COMMENT 'Updated at',
  PRIMARY KEY (`id`)
) ENGINE=MyISAM DEFAULT CHARSET=latin1;

INSERT INTO `feedbacks` (`id`, `name`, `content`, `created_at`, `updated_at`) VALUES
(1,	'',	'Hello hello :)',	'2015-05-15 18:41:44',	'2015-05-15 18:41:44'),
(2,	'',	'Hello hello :)',	'2015-05-15 18:42:24',	'2015-05-15 18:42:24');

DROP TABLE IF EXISTS `general_tags`;
CREATE TABLE `general_tags` (
  `type` enum('skill') NOT NULL COMMENT 'Tag type',
  `tag` varchar(255) NOT NULL COMMENT 'Tag type',
  `similar` varchar(255) DEFAULT NULL COMMENT 'Similar',
  UNIQUE KEY `type_tag` (`type`,`tag`)
) ENGINE=InnoDB DEFAULT CHARSET=latin1 COMMENT='General tags';

INSERT INTO `general_tags` (`type`, `tag`, `similar`) VALUES
('skill',	'10-Net (DCA)',	NULL),
('skill',	'2D/3D Rendering',	NULL),
('skill',	'3+Open (3COM)',	NULL),
('skill',	'3Com',	NULL),
('skill',	'3D Animation',	NULL),
('skill',	'3D Graphics',	NULL),
('skill',	'4M Token Ring',	NULL),
('skill',	'4th Dimension',	NULL),
('skill',	'4th Dimension (ACI US)',	NULL),
('skill',	'68000 assembly language',	NULL),
('skill',	'A/UX (Apple)',	NULL),
('skill',	'Abacus',	NULL),
('skill',	'ACCELL',	NULL),
('skill',	'ACCENT/R',	NULL),
('skill',	'ACCOLADE',	NULL),
('skill',	'AccPac',	NULL),
('skill',	'Accutax',	NULL),
('skill',	'ACF',	NULL),
('skill',	'ACFL',	NULL),
('skill',	'ACP/TPP',	NULL),
('skill',	'Acrobat',	NULL),
('skill',	'Acrobat Distiller',	NULL),
('skill',	'ActiveX',	NULL),
('skill',	'Actuate Developer Workbench',	NULL),
('skill',	'ACU Soft',	NULL),
('skill',	'AD Cycle',	NULL),
('skill',	'AD/Advantage',	NULL),
('skill',	'Ada',	NULL),
('skill',	'Adabas',	NULL),
('skill',	'ADC-2',	NULL),
('skill',	'ADF',	NULL),
('skill',	'Adobe Illustrator',	NULL),
('skill',	'Adobe Photoshop',	NULL),
('skill',	'Adobe Premiere',	NULL),
('skill',	'ADP Payroll Service',	NULL),
('skill',	'ADR/ROSCOE',	NULL),
('skill',	'ADR/VOLLIE',	NULL),
('skill',	'ADRS II',	NULL),
('skill',	'ADS',	NULL),
('skill',	'ADS/O',	NULL),
('skill',	'ADSA',	NULL),
('skill',	'ADSO',	NULL),
('skill',	'Advantis',	NULL),
('skill',	'ADW/IEW',	NULL),
('skill',	'AEGIS',	NULL),
('skill',	'AFS',	NULL),
('skill',	'ALC',	NULL),
('skill',	'Algol',	NULL),
('skill',	'ALL-IN-ONE',	NULL),
('skill',	'Allbase (HP)',	NULL),
('skill',	'Allbase/SQL (HP)',	NULL),
('skill',	'Altera HDL',	NULL),
('skill',	'Amdahl',	NULL),
('skill',	'America Online',	NULL),
('skill',	'Ami Pro',	NULL),
('skill',	'AMPS',	NULL),
('skill',	'Analog',	NULL),
('skill',	'Animation',	NULL),
('skill',	'APICS',	NULL),
('skill',	'APL',	NULL),
('skill',	'Apollo (HP)',	NULL),
('skill',	'APPC',	NULL),
('skill',	'APPGEN',	NULL),
('skill',	'Apple Macintosh (68K)',	NULL),
('skill',	'Apple Macintosh OS',	NULL),
('skill',	'Apple Power Macintosh (RISC/PPC)',	NULL),
('skill',	'AppleLink',	NULL),
('skill',	'AppleShare',	NULL),
('skill',	'AppleTalk',	NULL),
('skill',	'Application servers',	NULL),
('skill',	'Approach (Lotus)',	NULL),
('skill',	'Archie',	NULL),
('skill',	'ArcNet',	NULL),
('skill',	'Arthur Anderson DCS',	NULL),
('skill',	'AS',	NULL),
('skill',	'ASIC',	NULL),
('skill',	'ASK MANMAN',	NULL),
('skill',	'askSAM',	NULL),
('skill',	'ASN.1',	NULL),
('skill',	'Asymetrix Multimedia Toolbook',	NULL),
('skill',	'Asynchronous',	NULL),
('skill',	'Asynchronous Transfer Mode (ATM)',	NULL),
('skill',	'AT&T 3B2',	NULL),
('skill',	'Authorware',	NULL),
('skill',	'awk',	NULL),
('skill',	'B of A Payroll',	NULL),
('skill',	'B/Trieve',	NULL),
('skill',	'BAAN IV',	NULL),
('skill',	'Bachman',	NULL),
('skill',	'BAL',	NULL),
('skill',	'Bankcard',	NULL),
('skill',	'Banyan VINES',	NULL),
('skill',	'Barrister',	NULL),
('skill',	'BASIC',	NULL),
('skill',	'BeyondMail',	NULL),
('skill',	'Bisync',	NULL),
('skill',	'Bliss',	NULL),
('skill',	'Block Structured',	NULL),
('skill',	'Boeck Evaluation',	NULL),
('skill',	'Booch',	NULL),
('skill',	'BookMaster (IBM)',	NULL),
('skill',	'Borland C++',	NULL),
('skill',	'Borland Delphi',	NULL),
('skill',	'Borland Object Windows',	NULL),
('skill',	'Bourne Shell',	NULL),
('skill',	'BPI Accounting',	NULL),
('skill',	'Bridges',	NULL),
('skill',	'Broadband multimedia',	NULL),
('skill',	'BRS/Search',	NULL),
('skill',	'BTAM',	NULL),
('skill',	'BTrieve',	NULL),
('skill',	'Buffer cache management',	NULL),
('skill',	'Bull HN (Honeywell)',	NULL),
('skill',	'Burroughs/Univac',	NULL),
('skill',	'Business Process Re-Engineering',	NULL),
('skill',	'C',	NULL),
('skill',	'C (generic)',	NULL),
('skill',	'C Shell',	NULL),
('skill',	'C++',	NULL),
('skill',	'C++ (generic)',	NULL),
('skill',	'C/400 (IBM)',	NULL),
('skill',	'Cadkey',	NULL),
('skill',	'Cafe',	NULL),
('skill',	'Café (Symantec)',	NULL),
('skill',	'CaLANdar',	NULL),
('skill',	'Calma 2D & 3D',	NULL),
('skill',	'Capture',	NULL),
('skill',	'CarbonCopy',	NULL),
('skill',	'CAS',	NULL),
('skill',	'CASEPac',	NULL),
('skill',	'cc:Mail',	NULL),
('skill',	'CD-ROM',	NULL),
('skill',	'CDC Cyber',	NULL),
('skill',	'CDDI',	NULL),
('skill',	'CDE',	NULL),
('skill',	'CDMA',	NULL),
('skill',	'CDPD',	NULL),
('skill',	'Cellular/Wireless',	NULL),
('skill',	'Centura (formerly Gupta)',	NULL),
('skill',	'Ceridian Payroll Service',	NULL),
('skill',	'Challenger Desktop Training Systems',	NULL),
('skill',	'Check Processing Control System',	NULL),
('skill',	'Chen',	NULL),
('skill',	'CICS/VS',	NULL),
('skill',	'Cisco APPI',	NULL),
('skill',	'CL',	NULL),
('skill',	'Clarify',	NULL),
('skill',	'Clarion Report Writer',	NULL),
('skill',	'Claris Home Page',	NULL),
('skill',	'Claris Works',	NULL),
('skill',	'Clip animation',	NULL),
('skill',	'Clip music',	NULL),
('skill',	'Clip video',	NULL),
('skill',	'Clipper',	NULL),
('skill',	'CList',	NULL),
('skill',	'CLUE (Claim Loss U/W Exchange)',	NULL),
('skill',	'CM-2',	NULL),
('skill',	'CMIP',	NULL),
('skill',	'CMOT',	NULL),
('skill',	'CMS REXX',	NULL),
('skill',	'COBOL (generic)',	NULL),
('skill',	'COBOL 74',	NULL),
('skill',	'COBOL 85',	NULL),
('skill',	'CodeView',	NULL),
('skill',	'COGNOS PowerHouse',	NULL),
('skill',	'Comet',	NULL),
('skill',	'Common Gateway Interface (CGI)',	NULL),
('skill',	'Common Ground',	NULL),
('skill',	'Communications servers',	NULL),
('skill',	'Compilers',	NULL),
('skill',	'CompuServe',	NULL),
('skill',	'Computer Associates (CA) Ingres',	NULL),
('skill',	'Computer Communications Protocols (general)',	NULL),
('skill',	'Comten',	NULL),
('skill',	'CONDOR',	NULL),
('skill',	'Continuum',	NULL),
('skill',	'Control M',	NULL),
('skill',	'Control R',	NULL),
('skill',	'Control Systems',	NULL),
('skill',	'Convergent',	NULL),
('skill',	'Convergent CTOS/VM',	NULL),
('skill',	'Convex',	NULL),
('skill',	'COPICS',	NULL),
('skill',	'CORBA',	NULL),
('skill',	'Corel Ventura Publisher',	NULL),
('skill',	'CorelDRAW!',	NULL),
('skill',	'COVIA',	NULL),
('skill',	'CP/M',	NULL),
('skill',	'CPCS',	NULL),
('skill',	'CPL/I',	NULL),
('skill',	'Cray',	NULL),
('skill',	'Cromemco',	NULL),
('skill',	'CROMIX',	NULL),
('skill',	'CrossTalk',	NULL),
('skill',	'Crystal Report Writer',	NULL),
('skill',	'CSP',	NULL),
('skill',	'CSP/CSP II',	NULL),
('skill',	'CSS',	NULL),
('skill',	'CTI',	NULL),
('skill',	'CULPRIT',	NULL),
('skill',	'Cyma',	NULL),
('skill',	'D&B Software',	NULL),
('skill',	'DacEasy',	NULL),
('skill',	'DASD',	NULL),
('skill',	'Data Communications',	NULL),
('skill',	'Data Communications Protocols (general)',	NULL),
('skill',	'Data Flow Diagrams',	NULL),
('skill',	'Data General',	NULL),
('skill',	'Data General AOS/VS',	NULL),
('skill',	'Data General AViiON',	NULL),
('skill',	'Data General ECLIPSE',	NULL),
('skill',	'Data Modelling/Normalization',	NULL),
('skill',	'Datacom database',	NULL),
('skill',	'Datacom/DB (CA)',	NULL),
('skill',	'DataEase',	NULL),
('skill',	'DataPoint',	NULL),
('skill',	'Datatrieve',	NULL),
('skill',	'DaVinci eMail',	NULL),
('skill',	'db Fast (CA)',	NULL),
('skill',	'DB/Vista',	NULL),
('skill',	'DB2',	NULL),
('skill',	'dBASE III+',	NULL),
('skill',	'dBASE IV',	NULL),
('skill',	'dBMan V',	NULL),
('skill',	'DBMS servers',	NULL),
('skill',	'DCA (Unisys)',	NULL),
('skill',	'DCL',	NULL),
('skill',	'DCOM',	NULL),
('skill',	'DCS/Logistics',	NULL),
('skill',	'DDA',	NULL),
('skill',	'DDS',	NULL),
('skill',	'Debugging tools',	NULL),
('skill',	'DEC',	NULL),
('skill',	'DEC Alpha',	NULL),
('skill',	'DEC macro language',	NULL),
('skill',	'DEC MicroVAX',	NULL),
('skill',	'DEC Pathworks',	NULL),
('skill',	'DEC PDP/11',	NULL),
('skill',	'DEC Rdb',	NULL),
('skill',	'DEC Runoff',	NULL),
('skill',	'DEC ULTRIX workstations',	NULL),
('skill',	'DEC VAX',	NULL),
('skill',	'DEC VAX 1000',	NULL),
('skill',	'DEC VAX cluster',	NULL),
('skill',	'DEC VAX running ULTRIX',	NULL),
('skill',	'DEC VAX running VMS',	NULL),
('skill',	'DEC VMS workstations',	NULL),
('skill',	'DECmpp',	NULL),
('skill',	'DECnet',	NULL),
('skill',	'DECWindows',	NULL),
('skill',	'Degree',	NULL),
('skill',	'Delphi',	NULL),
('skill',	'Deltek',	NULL),
('skill',	'Demo-Quick',	NULL),
('skill',	'Demo-Shield',	NULL),
('skill',	'Design Studio',	NULL),
('skill',	'Development toolkits',	NULL),
('skill',	'Device Drivers',	NULL),
('skill',	'Dialog Manager',	NULL),
('skill',	'DIBOL',	NULL),
('skill',	'Digital',	NULL),
('skill',	'Digital Signal Processing',	NULL),
('skill',	'Digitized sound/Video',	NULL),
('skill',	'Director',	NULL),
('skill',	'Disc',	NULL),
('skill',	'DL 1',	NULL),
('skill',	'DLE',	NULL),
('skill',	'DLL',	NULL),
('skill',	'DMS II',	NULL),
('skill',	'Doc-to-All',	NULL),
('skill',	'Doc-to-Help',	NULL),
('skill',	'DocStor',	NULL),
('skill',	'Documentum',	NULL),
('skill',	'DoDot',	NULL),
('skill',	'Domain (Apollo)',	NULL),
('skill',	'DoubleHelix',	NULL),
('skill',	'Dow Jones',	NULL),
('skill',	'Dun & Bradstreet MSA',	NULL),
('skill',	'DYL 260',	NULL),
('skill',	'DYL 280',	NULL),
('skill',	'DYL 360',	NULL),
('skill',	'DynaBook',	NULL),
('skill',	'DynaText',	NULL),
('skill',	'DynaWeb',	NULL),
('skill',	'Easel',	NULL),
('skill',	'EasyCASE',	NULL),
('skill',	'EasyTrieve',	NULL),
('skill',	'Easytrieve (CA)',	NULL),
('skill',	'ECL',	NULL),
('skill',	'EDOS',	NULL),
('skill',	'EDX',	NULL),
('skill',	'EHelp',	NULL),
('skill',	'Electronic Mail',	NULL),
('skill',	'elm',	NULL),
('skill',	'Email servers',	NULL),
('skill',	'Embedded controllers',	NULL),
('skill',	'Embedded Software — Cellular/Wireless',	NULL),
('skill',	'Embedded Software — Control Systems',	NULL),
('skill',	'Embedded Software — Data Communications',	NULL),
('skill',	'Embedded Software — Device Drivers',	NULL),
('skill',	'Embedded Software — Digital Signal Processing',	NULL),
('skill',	'Embedded Software — Intel Processors',	NULL),
('skill',	'Embedded Software — Motorola Processors',	NULL),
('skill',	'Embedded Software — RF',	NULL),
('skill',	'Empress',	NULL),
('skill',	'Empress Report Writer',	NULL),
('skill',	'Enable',	NULL),
('skill',	'Encina',	NULL),
('skill',	'Encore Infinity 90 Series',	NULL),
('skill',	'Encryption/Decryption algorithms',	NULL),
('skill',	'Endeavor',	NULL),
('skill',	'Enform',	NULL),
('skill',	'Envoy',	NULL),
('skill',	'ERwin',	NULL),
('skill',	'Ethernet',	NULL),
('skill',	'Eudora',	NULL),
('skill',	'Excelerator',	NULL),
('skill',	'EXEC',	NULL),
('skill',	'EXEC2',	NULL),
('skill',	'Executive language',	NULL),
('skill',	'Fast Ethernet',	NULL),
('skill',	'Fast Tax',	NULL),
('skill',	'Fax servers',	NULL),
('skill',	'FDDI',	NULL),
('skill',	'File Magic Plus',	NULL),
('skill',	'File servers',	NULL),
('skill',	'File systems',	NULL),
('skill',	'File Transfer Protocol (FTP)',	NULL),
('skill',	'FileMaker Pro',	NULL),
('skill',	'filePro Plus',	NULL),
('skill',	'Firewalls',	NULL),
('skill',	'Firmware',	NULL),
('skill',	'FirstSQL RDBMS',	NULL),
('skill',	'Flash',	NULL),
('skill',	'Flowcharting',	NULL),
('skill',	'FM2A',	NULL),
('skill',	'FMS',	NULL),
('skill',	'Focus',	NULL),
('skill',	'ForeHelp',	NULL),
('skill',	'Forest & Trees',	NULL),
('skill',	'Forte',	NULL),
('skill',	'Forth',	NULL),
('skill',	'FORTRAN',	NULL),
('skill',	'FORTRAN 77',	NULL),
('skill',	'FORTRAN II',	NULL),
('skill',	'Foundation',	NULL),
('skill',	'Four Phase',	NULL),
('skill',	'FoxBase (SCO)',	NULL),
('skill',	'FoxPro',	NULL),
('skill',	'FPGA',	NULL),
('skill',	'Frame Relay',	NULL),
('skill',	'FrameMaker (Adobe)',	NULL),
('skill',	'FrameMaker+SGML (Adobe)',	NULL),
('skill',	'FrameViewer',	NULL),
('skill',	'Framework',	NULL),
('skill',	'Freelance (Lotus)',	NULL),
('skill',	'Freelance Graphics',	NULL),
('skill',	'FrontPage (Microsoft)',	NULL),
('skill',	'FTP servers',	NULL),
('skill',	'Fujitsu',	NULL),
('skill',	'Function Point Analysis',	NULL),
('skill',	'Game design',	NULL),
('skill',	'Game production',	NULL),
('skill',	'Gane & Sarson',	NULL),
('skill',	'Gateways',	NULL),
('skill',	'GEM 3',	NULL),
('skill',	'GEMCOS',	NULL),
('skill',	'GEnie',	NULL),
('skill',	'GKS',	NULL),
('skill',	'Gopher',	NULL),
('skill',	'Great Plains',	NULL),
('skill',	'Greenleaf',	NULL),
('skill',	'GSM',	NULL),
('skill',	'Guide Author',	NULL),
('skill',	'Harvard Graphics',	NULL),
('skill',	'Harvard Graphics (Software Publishing)',	NULL),
('skill',	'HDLC',	NULL),
('skill',	'Helix Express',	NULL),
('skill',	'Help Author Professional (HAP)',	NULL),
('skill',	'Help Development Kit (HDK)',	NULL),
('skill',	'Help Magician Pro',	NULL),
('skill',	'Help Writer\'s Assistant for Windows',	NULL),
('skill',	'HelpBreeze',	NULL),
('skill',	'Hewlett Packard',	NULL),
('skill',	'HiJaak',	NULL),
('skill',	'HIPO',	NULL),
('skill',	'Hitachi',	NULL),
('skill',	'HLPDK',	NULL),
('skill',	'Hogan',	NULL),
('skill',	'Honeywell',	NULL),
('skill',	'Honeywell GCOS',	NULL),
('skill',	'Hotdog',	NULL),
('skill',	'HoTMetaL',	NULL),
('skill',	'Hotshot Graphics',	NULL),
('skill',	'HotToMale (Adobe)',	NULL),
('skill',	'HP',	NULL),
('skill',	'HP 1000',	NULL),
('skill',	'HP 1000 assembly language',	NULL),
('skill',	'HP 200',	NULL),
('skill',	'HP 3000',	NULL),
('skill',	'HP 3000 assembly language',	NULL),
('skill',	'HP 3000 running MPE/XL',	NULL),
('skill',	'HP 3070',	NULL),
('skill',	'HP 700',	NULL),
('skill',	'HP 9000',	NULL),
('skill',	'HP 9000 running HP-UX',	NULL),
('skill',	'HP MPE XL',	NULL),
('skill',	'HP SPL',	NULL),
('skill',	'HP Vectra',	NULL),
('skill',	'HR 2000',	NULL),
('skill',	'HTML',	NULL),
('skill',	'Hubs',	NULL),
('skill',	'HyperCard/SuperCard',	NULL),
('skill',	'Hypergen',	NULL),
('skill',	'HyperHelp',	NULL),
('skill',	'HyperHelp Bridge',	NULL),
('skill',	'Hypertext Development Kit',	NULL),
('skill',	'Hyperties',	NULL),
('skill',	'HyperWise',	NULL),
('skill',	'HyperWriter',	NULL),
('skill',	'I/O buffer control',	NULL),
('skill',	'IBM',	NULL),
('skill',	'IBM 309x',	NULL),
('skill',	'IBM 370 architecture',	NULL),
('skill',	'IBM 390 architecture',	NULL),
('skill',	'IBM 43xx',	NULL),
('skill',	'IBM 5080',	NULL),
('skill',	'IBM AIX',	NULL),
('skill',	'IBM AS/400',	NULL),
('skill',	'IBM CICS',	NULL),
('skill',	'IBM DB2 database',	NULL),
('skill',	'IBM DOS/VSE',	NULL),
('skill',	'IBM EDX',	NULL),
('skill',	'IBM Encina',	NULL),
('skill',	'IBM es/9000',	NULL),
('skill',	'IBM mainframes (general)',	NULL),
('skill',	'IBM MVS/SP/XA/ESA',	NULL),
('skill',	'IBM NetView',	NULL),
('skill',	'IBM OS/2',	NULL),
('skill',	'IBM OS/2 Warp',	NULL),
('skill',	'IBM PC or compatible (x86, Pentium)',	NULL),
('skill',	'IBM Power PC (RISC)',	NULL),
('skill',	'IBM RS/6000',	NULL),
('skill',	'IBM RS/6000 running AIX',	NULL),
('skill',	'IBM System 36/38',	NULL),
('skill',	'IBM TSO',	NULL),
('skill',	'IBM TSO/ISPF',	NULL),
('skill',	'IBM TSO/MUS',	NULL),
('skill',	'IBM TSO/SPF',	NULL),
('skill',	'IBM VM',	NULL),
('skill',	'IBM VM/CMS',	NULL),
('skill',	'ICL',	NULL),
('skill',	'ICL/DOS',	NULL),
('skill',	'IconAuthor',	NULL),
('skill',	'Ideal',	NULL),
('skill',	'IDEAL (CA)',	NULL),
('skill',	'IDEF',	NULL),
('skill',	'IDMS (CA)',	NULL),
('skill',	'IDMS /R',	NULL),
('skill',	'IDMS database',	NULL),
('skill',	'IDMS DC',	NULL),
('skill',	'IDMS/ADS',	NULL),
('skill',	'IDMS/Architect',	NULL),
('skill',	'IEF',	NULL),
('skill',	'IEW',	NULL),
('skill',	'Illustra (Informix)',	NULL),
('skill',	'Image',	NULL),
('skill',	'Image/SQL (HP)',	NULL),
('skill',	'IMS',	NULL),
('skill',	'IMS database',	NULL),
('skill',	'IMS DB/DC',	NULL),
('skill',	'IMS DC',	NULL),
('skill',	'IMS Fastpath',	NULL),
('skill',	'IMS/ADF II',	NULL),
('skill',	'InfoBASIC',	NULL),
('skill',	'InfoLib',	NULL),
('skill',	'InfoMan',	NULL),
('skill',	'Information Builders (Focus)',	NULL),
('skill',	'Information Engineering',	NULL),
('skill',	'Informix',	NULL),
('skill',	'Informix 4GL',	NULL),
('skill',	'INFORMIX-4GL',	NULL),
('skill',	'INFORMIX-SQL',	NULL),
('skill',	'Ingres',	NULL),
('skill',	'Ingres/OpenIngres',	NULL),
('skill',	'Ingres/OpenIngres (CA)',	NULL),
('skill',	'Inslaw',	NULL),
('skill',	'Intel Processors',	NULL),
('skill',	'INTELLECT',	NULL),
('skill',	'Intelligent Hubs',	NULL),
('skill',	'Interactive TV',	NULL),
('skill',	'Interbase (Borland)',	NULL),
('skill',	'Intergraph',	NULL),
('skill',	'Interleaf',	NULL),
('skill',	'Internet applications server',	NULL),
('skill',	'Internet Assistant (Microsoft)',	NULL),
('skill',	'Internet Explorer (Microsoft)',	NULL),
('skill',	'Internet firewalls',	NULL),
('skill',	'Internet Messenger (Delrina)',	NULL),
('skill',	'Internet Relay Chat (IRC)',	NULL),
('skill',	'Interpreters',	NULL),
('skill',	'Interrupt handlers',	NULL),
('skill',	'Intertest',	NULL),
('skill',	'Intuit Quicken',	NULL),
('skill',	'Inuit QuickBooks',	NULL),
('skill',	'IRMALAN (Digital)',	NULL),
('skill',	'ISA Payroll',	NULL),
('skill',	'ISAM',	NULL),
('skill',	'ISDN',	NULL),
('skill',	'ISI',	NULL),
('skill',	'ISPF',	NULL),
('skill',	'ISPs (eg Netcom, Aimnet, Best)',	NULL),
('skill',	'ISYS',	NULL),
('skill',	'IXgen',	NULL),
('skill',	'Jackson',	NULL),
('skill',	'JAM',	NULL),
('skill',	'James Martin',	NULL),
('skill',	'Java',	NULL),
('skill',	'JavaDoc',	NULL),
('skill',	'JavaScript',	NULL),
('skill',	'JCL',	NULL),
('skill',	'JCL/OS',	NULL),
('skill',	'JD Edwards',	NULL),
('skill',	'Jelp',	NULL),
('skill',	'JES 2',	NULL),
('skill',	'JES 2/3',	NULL),
('skill',	'Joint Application Development (JAD)',	NULL),
('skill',	'JOVIAL',	NULL),
('skill',	'JPEG',	NULL),
('skill',	'Kermit',	NULL),
('skill',	'KnowledgeWare',	NULL),
('skill',	'Korn Shell',	NULL),
('skill',	'KSAM',	NULL),
('skill',	'LAN Manager (Microsoft)',	NULL),
('skill',	'LAN Server (IBM)',	NULL),
('skill',	'LANs (general)',	NULL),
('skill',	'LANs and WANs',	NULL),
('skill',	'LANstep (Hayes)',	NULL),
('skill',	'LANtastic (Artisoft)',	NULL),
('skill',	'LapLink',	NULL),
('skill',	'LBMS',	NULL),
('skill',	'Librarian',	NULL),
('skill',	'LightSpeed',	NULL),
('skill',	'Link Test Factory',	NULL),
('skill',	'Linux',	NULL),
('skill',	'LISP',	NULL),
('skill',	'LocalTalk',	NULL),
('skill',	'Lotus 1-2-3',	NULL),
('skill',	'Lotus Notes',	NULL),
('skill',	'Low-level system development',	NULL),
('skill',	'Low-level system monitors',	NULL),
('skill',	'LU 6.2',	NULL),
('skill',	'LYNX',	NULL),
('skill',	'M&D',	NULL),
('skill',	'MacAnalyst',	NULL),
('skill',	'MacDesigner',	NULL),
('skill',	'MacDraw',	NULL),
('skill',	'MacPaint',	NULL),
('skill',	'Magic',	NULL),
('skill',	'Mantis',	NULL),
('skill',	'MAP/TOP',	NULL),
('skill',	'MAPI',	NULL),
('skill',	'Mapics',	NULL),
('skill',	'Mapper',	NULL),
('skill',	'Mark IV',	NULL),
('skill',	'Mark IV/V',	NULL),
('skill',	'MAS 90',	NULL),
('skill',	'MASM',	NULL),
('skill',	'MasPar',	NULL),
('skill',	'MasterHelp',	NULL),
('skill',	'Mathcad',	NULL),
('skill',	'Mathematica',	NULL),
('skill',	'Matlab',	NULL),
('skill',	'MAUs',	NULL),
('skill',	'Maxim',	NULL),
('skill',	'Media Research',	NULL),
('skill',	'MediaMax',	NULL),
('skill',	'MediaMogul',	NULL),
('skill',	'MediaOrganizer',	NULL),
('skill',	'MediaShop',	NULL),
('skill',	'MeetingMaker',	NULL),
('skill',	'Memory management',	NULL),
('skill',	'Method/1',	NULL),
('skill',	'MFC',	NULL),
('skill',	'MFS',	NULL),
('skill',	'MicroFocus',	NULL),
('skill',	'Micrografx',	NULL),
('skill',	'Microsoft',	NULL),
('skill',	'Microsoft Access',	NULL),
('skill',	'Microsoft C',	NULL),
('skill',	'Microsoft Excel',	NULL),
('skill',	'Microsoft Exchange',	NULL),
('skill',	'Microsoft Help Compiler',	NULL),
('skill',	'Microsoft Internet Explorer',	NULL),
('skill',	'Microsoft Office',	NULL),
('skill',	'Microsoft Project',	NULL),
('skill',	'Microsoft Scheduler+',	NULL),
('skill',	'Microsoft Server 2003',	NULL),
('skill',	'Microsoft Vista/2007',	NULL),
('skill',	'Microsoft Windows 2000',	NULL),
('skill',	'Microsoft Windows 3.x',	NULL),
('skill',	'Microsoft Windows 95/98',	NULL),
('skill',	'Microsoft Windows for Workgroups',	NULL),
('skill',	'Microsoft Windows Millenium Edition (ME)',	NULL),
('skill',	'Microsoft Windows NT',	NULL),
('skill',	'Microsoft Windows XP',	NULL),
('skill',	'Microsoft Word',	NULL),
('skill',	'MICS',	NULL),
('skill',	'MIME',	NULL),
('skill',	'Modula 2',	NULL),
('skill',	'Modula-2',	NULL),
('skill',	'Mosaic Browser',	NULL),
('skill',	'Mosaic Firefox ',	NULL),
('skill',	'MOSIS',	NULL),
('skill',	'Motif',	NULL),
('skill',	'Motion picture/Film',	NULL),
('skill',	'Motorola Processors',	NULL),
('skill',	'MpcOrganizer',	NULL),
('skill',	'MPE/SPECTRUM',	NULL),
('skill',	'MPEG',	NULL),
('skill',	'MPW',	NULL),
('skill',	'MRP II',	NULL),
('skill',	'MS Exchange',	NULL),
('skill',	'MS Mail',	NULL),
('skill',	'MS Outlook',	NULL),
('skill',	'MS Publisher',	NULL),
('skill',	'MS Works',	NULL),
('skill',	'MS-DOS',	NULL),
('skill',	'MSA',	NULL),
('skill',	'MSI',	NULL),
('skill',	'mTropolis',	NULL),
('skill',	'Multimate',	NULL),
('skill',	'Multimedia content development',	NULL),
('skill',	'Multimedia production',	NULL),
('skill',	'Multimedia Toolbook (Asymetrix)',	NULL),
('skill',	'Multimedia writing',	NULL),
('skill',	'Multitasking',	NULL),
('skill',	'MUMPS',	NULL),
('skill',	'Music composition/Editing',	NULL),
('skill',	'MYOB',	NULL),
('skill',	'MySQL',	NULL),
('skill',	'NAMPS',	NULL),
('skill',	'Natural',	NULL),
('skill',	'Navigator (Netscape)',	NULL),
('skill',	'NCCI',	NULL),
('skill',	'NCCP',	NULL),
('skill',	'NCP',	NULL),
('skill',	'NCR OS',	NULL),
('skill',	'nCUBE',	NULL),
('skill',	'NEC HNSX',	NULL),
('skill',	'NeoBook',	NULL),
('skill',	'Net/One (Ungermann-Bass)',	NULL),
('skill',	'NetBEUI',	NULL),
('skill',	'NetBIOS',	NULL),
('skill',	'Netscape Communicator',	NULL),
('skill',	'Netscape Navigator',	NULL),
('skill',	'Netscape Navigator Gold',	NULL),
('skill',	'Netview',	NULL),
('skill',	'NetWare 2.x (Novell)',	NULL),
('skill',	'NetWare 3.x (Novell)',	NULL),
('skill',	'NetWare 4.x (Novell)',	NULL),
('skill',	'NetWare Lite (Novell)',	NULL),
('skill',	'Network Cabling',	NULL),
('skill',	'Network topology (general)',	NULL),
('skill',	'News servers',	NULL),
('skill',	'NeXT',	NULL),
('skill',	'NeXTStep',	NULL),
('skill',	'Nomad',	NULL),
('skill',	'Novell NetWare',	NULL),
('skill',	'Novell/DRI\'s DR-DOS',	NULL),
('skill',	'nroff/troff',	NULL),
('skill',	'O-W-L',	NULL),
('skill',	'Oak Ridge',	NULL),
('skill',	'Object-Oriented Design',	NULL),
('skill',	'Object/1',	NULL),
('skill',	'Objective-C',	NULL),
('skill',	'Objectivity/DB',	NULL),
('skill',	'ObjectView',	NULL),
('skill',	'ObjectVision',	NULL),
('skill',	'OCCAM',	NULL),
('skill',	'OCL',	NULL),
('skill',	'ODBC (Open Database Connectivity)',	NULL),
('skill',	'OLE 2.0',	NULL),
('skill',	'OLE prior to 2.0',	NULL),
('skill',	'Omegamon',	NULL),
('skill',	'Omnis 7',	NULL),
('skill',	'Ontos DB',	NULL),
('skill',	'Open Windows',	NULL),
('skill',	'OpenLook',	NULL),
('skill',	'Opera',	NULL),
('skill',	'Oracle',	NULL),
('skill',	'Oracle 6.x or earlier',	NULL),
('skill',	'Oracle 7.x',	NULL),
('skill',	'Oracle 8',	NULL),
('skill',	'Oracle 9',	NULL),
('skill',	'Oracle Accounts Payable',	NULL),
('skill',	'Oracle Book',	NULL),
('skill',	'Oracle Card',	NULL),
('skill',	'Oracle Developer 2000',	NULL),
('skill',	'Oracle Financials',	NULL),
('skill',	'Oracle Forms',	NULL),
('skill',	'Oracle Human Resources suite',	NULL),
('skill',	'Oracle Mail',	NULL),
('skill',	'Oracle Manufacturing',	NULL),
('skill',	'Oracle Manufacturing suite',	NULL),
('skill',	'Oracle Office',	NULL),
('skill',	'Oracle Report',	NULL),
('skill',	'Oracle SQL*ReportWriter',	NULL),
('skill',	'Oracle*CASE',	NULL),
('skill',	'OS kernels',	NULL),
('skill',	'OS-9',	NULL),
('skill',	'OS/2 Presentation Manager',	NULL),
('skill',	'OS/VS',	NULL),
('skill',	'OSI',	NULL),
('skill',	'OSPF',	NULL),
('skill',	'Paciola 2000',	NULL),
('skill',	'PageMaker',	NULL),
('skill',	'PageMill (Adobe)',	NULL),
('skill',	'Painter',	NULL),
('skill',	'Paintworks',	NULL),
('skill',	'Panvalet',	NULL),
('skill',	'Paperless Entry Processing (PEP+)',	NULL),
('skill',	'Paradox (Borland)',	NULL),
('skill',	'Pascal',	NULL),
('skill',	'Passage Pro',	NULL),
('skill',	'Pathway',	NULL),
('skill',	'PathWorks (Digital)',	NULL),
('skill',	'PC Anywhere',	NULL),
('skill',	'PeachTree',	NULL),
('skill',	'Pen-based PCs',	NULL),
('skill',	'PeopleSoft',	NULL),
('skill',	'PERL',	NULL),
('skill',	'Personal Digital Assistants (PDAs)',	NULL),
('skill',	'Personal Transaction Teller (PTT)',	NULL),
('skill',	'Persuasion (Adobe)',	NULL),
('skill',	'PFS: Publisher',	NULL),
('skill',	'Photoshop',	NULL),
('skill',	'PHP',	NULL),
('skill',	'PICK',	NULL),
('skill',	'Picture-Eze',	NULL),
('skill',	'Pilot Lightship',	NULL),
('skill',	'pine',	NULL),
('skill',	'PL/1',	NULL),
('skill',	'PL/I',	NULL),
('skill',	'PL/M',	NULL),
('skill',	'PL/SQL (Oracle)',	NULL),
('skill',	'PL/X',	NULL),
('skill',	'Platinum',	NULL),
('skill',	'Platinum Accounting',	NULL),
('skill',	'PMSC',	NULL),
('skill',	'Polk DMV',	NULL),
('skill',	'PostScript',	NULL),
('skill',	'Power Tool',	NULL),
('skill',	'PowerBuilder (Sybase/PowerSoft)',	NULL),
('skill',	'PowerHouse',	NULL),
('skill',	'PowerHouse (Cognos)',	NULL),
('skill',	'PowerPoint (Microsoft)',	NULL),
('skill',	'PPP',	NULL),
('skill',	'PrePress (Adobe)',	NULL),
('skill',	'Prime',	NULL),
('skill',	'Prime PRIMOS',	NULL),
('skill',	'Print servers',	NULL),
('skill',	'Print Shop Deluxe',	NULL),
('skill',	'Prism',	NULL),
('skill',	'Pro C (Oracle)',	NULL),
('skill',	'Pro*C (Oracle)',	NULL),
('skill',	'Pro-IV',	NULL),
('skill',	'Process Design',	NULL),
('skill',	'ProComm',	NULL),
('skill',	'Prodigy',	NULL),
('skill',	'Progress',	NULL),
('skill',	'Progress 4GL',	NULL),
('skill',	'Project Development',	NULL),
('skill',	'Prolog',	NULL),
('skill',	'Protected-mode memory',	NULL),
('skill',	'Prototyping',	NULL),
('skill',	'Proxy servers',	NULL),
('skill',	'PS/1',	NULL),
('skill',	'PS/2',	NULL),
('skill',	'PSOS',	NULL),
('skill',	'Public key systems (eg, RSA)',	NULL),
('skill',	'PVCS (Intersolv)',	NULL),
('skill',	'Pyramid',	NULL),
('skill',	'Python',	NULL),
('skill',	'Q&A',	NULL),
('skill',	'Q+E',	NULL),
('skill',	'Q-Media',	NULL),
('skill',	'Qantel',	NULL),
('skill',	'QBasic',	NULL),
('skill',	'QBE',	NULL),
('skill',	'QMF',	NULL),
('skill',	'QSAM',	NULL),
('skill',	'QTAM',	NULL),
('skill',	'QuarkXPress',	NULL),
('skill',	'Quattro Pro',	NULL),
('skill',	'QUERY/DL.1',	NULL),
('skill',	'Quest Multimedia Authoring System',	NULL),
('skill',	'QuickCards',	NULL),
('skill',	'QuickHelp',	NULL),
('skill',	'QuickMail',	NULL),
('skill',	'Quintus',	NULL),
('skill',	'R&R Report Writer',	NULL),
('skill',	'R:Base',	NULL),
('skill',	'RACF',	NULL),
('skill',	'RAMIS',	NULL),
('skill',	'Ramis (CA)',	NULL),
('skill',	'Rapid Application Development (RAD)',	NULL),
('skill',	'Rational Rose',	NULL),
('skill',	'Rdb (DEC)',	NULL),
('skill',	'Realia CICS (CA)',	NULL),
('skill',	'Realizer (CA)',	NULL),
('skill',	'Realtime operating systems',	NULL),
('skill',	'RealWorld',	NULL),
('skill',	'Records Management System',	NULL),
('skill',	'Remedy',	NULL),
('skill',	'REXX',	NULL),
('skill',	'RF',	NULL),
('skill',	'RJE',	NULL),
('skill',	'RM/COBOL',	NULL),
('skill',	'RMF',	NULL),
('skill',	'RoboHELP',	NULL),
('skill',	'Ross Systems Command',	NULL),
('skill',	'Ross Systems Pro/Fit',	NULL),
('skill',	'Ross Systems Renaissance',	NULL),
('skill',	'Routers',	NULL),
('skill',	'RPG',	NULL),
('skill',	'RPG 400',	NULL),
('skill',	'RS-232',	NULL),
('skill',	'RSX-11',	NULL),
('skill',	'RT-11',	NULL),
('skill',	'RTE-A',	NULL),
('skill',	'Safari',	NULL),
('skill',	'SAM',	NULL),
('skill',	'SAP/R2',	NULL),
('skill',	'SAP/R3',	NULL),
('skill',	'SAS',	NULL),
('skill',	'SCOBOL',	NULL),
('skill',	'Scopus',	NULL),
('skill',	'Script (IBM)',	NULL),
('skill',	'SDLC/HDLC',	NULL),
('skill',	'sed',	NULL),
('skill',	'Seer HPS',	NULL),
('skill',	'Sequent',	NULL),
('skill',	'SGML',	NULL),
('skill',	'Shlaer-Mellor',	NULL),
('skill',	'Silicon Graphics (SGI)',	NULL),
('skill',	'Silverrun',	NULL),
('skill',	'SIMSCRIPT',	NULL),
('skill',	'SiteMill (Adobe)',	NULL),
('skill',	'Sitka (TOPS)',	NULL),
('skill',	'SLC',	NULL),
('skill',	'SLIP',	NULL),
('skill',	'SMALLSCRIPT',	NULL),
('skill',	'Smalltalk',	NULL),
('skill',	'SMP/E',	NULL),
('skill',	'SNA',	NULL),
('skill',	'SNAX',	NULL),
('skill',	'SNAX HLS',	NULL),
('skill',	'SNMP',	NULL),
('skill',	'SNOBOL',	NULL),
('skill',	'Software 2000',	NULL),
('skill',	'Software support',	NULL),
('skill',	'Solomon',	NULL),
('skill',	'Sonar Image',	NULL),
('skill',	'Sony',	NULL),
('skill',	'Sound editing',	NULL),
('skill',	'Sound/MIDI',	NULL),
('skill',	'Sperry',	NULL),
('skill',	'SPL',	NULL),
('skill',	'SPSS',	NULL),
('skill',	'SPSS-X',	NULL),
('skill',	'SPX/IPX',	NULL),
('skill',	'SQL',	'MySQL'),
('skill',	'SQL Assist',	NULL),
('skill',	'SQL DataManager',	NULL),
('skill',	'SQL Server (Microsoft)',	NULL),
('skill',	'SQL Server (Sybase)',	NULL),
('skill',	'SQL/DS',	NULL),
('skill',	'SQLBase (Gupta)',	NULL),
('skill',	'SQLWindows',	NULL),
('skill',	'SSP',	NULL),
('skill',	'SST',	NULL),
('skill',	'STAIRS',	NULL),
('skill',	'STARLAN',	NULL),
('skill',	'Stradis',	NULL),
('skill',	'Stradus',	NULL),
('skill',	'Stratus',	NULL),
('skill',	'Stratus running UNIX',	NULL),
('skill',	'Stratus running VOS',	NULL),
('skill',	'Stratus VOS',	NULL),
('skill',	'Stratus/System 88',	NULL),
('skill',	'Streamline (Adobe)',	NULL),
('skill',	'Structured Analysis',	NULL),
('skill',	'Structured Design',	NULL),
('skill',	'Sun Microsystems SPARCstations',	NULL),
('skill',	'Sun OS',	NULL),
('skill',	'Sun SOLARIS',	NULL),
('skill',	'Sun Windows',	NULL),
('skill',	'Sun\'s HotJava',	NULL),
('skill',	'SunView',	NULL),
('skill',	'Superbase',	NULL),
('skill',	'Supernatural',	NULL),
('skill',	'Supra',	NULL),
('skill',	'Switching',	NULL),
('skill',	'Sybase',	NULL),
('skill',	'SyBooks',	NULL),
('skill',	'Symax',	NULL),
('skill',	'Symbolics',	NULL),
('skill',	'Symphony',	NULL),
('skill',	'Synon',	NULL),
('skill',	'System Architect',	NULL),
('skill',	'System timers',	NULL),
('skill',	'TACL',	NULL),
('skill',	'TADPOLE',	NULL),
('skill',	'TAL',	NULL),
('skill',	'Tandem CYCLONE',	NULL),
('skill',	'Tandem Guardian',	NULL),
('skill',	'Tandem Integrity',	NULL),
('skill',	'Tandem NonStop',	NULL),
('skill',	'Tandem NonStop SQL',	NULL),
('skill',	'Tandem running GUARDIAN',	NULL),
('skill',	'Tandem/DDL',	NULL),
('skill',	'TC2000 (BBN/Bolt Beranek & Newman)',	NULL),
('skill',	'TCP/IP',	NULL),
('skill',	'TDMA',	NULL),
('skill',	'Telnet',	NULL),
('skill',	'Telon',	NULL),
('skill',	'Telon (CA)',	NULL),
('skill',	'TenCore Producer',	NULL),
('skill',	'Terminal servers',	NULL),
('skill',	'TesserAct',	NULL),
('skill',	'Texas Instruments',	NULL),
('skill',	'TextDBMS',	NULL),
('skill',	'Theft Bureau Reporting',	NULL),
('skill',	'Think C',	NULL),
('skill',	'Thinking Machines CM',	NULL),
('skill',	'TIE Authoring Systems',	NULL),
('skill',	'Tiffany',	NULL),
('skill',	'Timberline',	NULL),
('skill',	'Time and Place/2',	NULL),
('skill',	'TimeLine',	NULL),
('skill',	'TIRS',	NULL),
('skill',	'TMS',	NULL),
('skill',	'Token Ring',	NULL),
('skill',	'Token Ring (IBM)',	NULL),
('skill',	'Tolas',	NULL),
('skill',	'Tool Book',	NULL),
('skill',	'Topic & Topic Real-time',	NULL),
('skill',	'Total',	NULL),
('skill',	'TourGuide',	NULL),
('skill',	'TPF',	NULL),
('skill',	'Transform',	NULL),
('skill',	'TSO CLIST',	NULL),
('skill',	'TSO/TLIST',	NULL),
('skill',	'Turbo C (Borland)',	NULL),
('skill',	'Turbo Tax',	NULL),
('skill',	'Turbocase',	NULL),
('skill',	'Tuxedo',	NULL),
('skill',	'UCC-11',	NULL),
('skill',	'UFO',	NULL),
('skill',	'UML (Unified Modelling Language)',	NULL),
('skill',	'Ungermann-Bass',	NULL),
('skill',	'UniData RDBMS',	NULL),
('skill',	'Uniface',	NULL),
('skill',	'Unify',	NULL),
('skill',	'Unify 2000',	NULL),
('skill',	'Unisys',	NULL),
('skill',	'Unisys MPPs',	NULL),
('skill',	'Unisys OS/1100',	NULL),
('skill',	'Unisys/Burroughs MCP',	NULL),
('skill',	'Universal Help',	NULL),
('skill',	'UNIX (generic)',	NULL),
('skill',	'UNIX (realtime)',	NULL),
('skill',	'UNIX (secure)',	NULL),
('skill',	'UNIX (Shell)',	NULL),
('skill',	'UNIX (Socket)',	NULL),
('skill',	'UNIX internals',	NULL),
('skill',	'UNIX mail',	NULL),
('skill',	'UNIXWare',	NULL),
('skill',	'V1',	NULL),
('skill',	'VAX/VMS',	NULL),
('skill',	'Vellum',	NULL),
('skill',	'Velocis',	NULL),
('skill',	'Veronica',	NULL),
('skill',	'Versant ODBMS',	NULL),
('skill',	'Video accelerator',	NULL),
('skill',	'Video algorithms',	NULL),
('skill',	'Video imaging',	NULL),
('skill',	'View',	NULL),
('skill',	'VINES (Banyan)',	NULL),
('skill',	'Virtual memory management',	NULL),
('skill',	'Virtual reality',	NULL),
('skill',	'Virtual Video',	NULL),
('skill',	'Visio',	NULL),
('skill',	'Visual BASIC',	NULL),
('skill',	'Visual C',	NULL),
('skill',	'Visual C++',	NULL),
('skill',	'Visual C++ (Microsoft)',	NULL),
('skill',	'Visual Cafe',	NULL),
('skill',	'Visual Café (Symantec)',	NULL),
('skill',	'Visual dBASE (Borland)',	NULL),
('skill',	'Visual Express (CA)',	NULL),
('skill',	'Visual J++',	NULL),
('skill',	'Visual Tools',	NULL),
('skill',	'VRML',	NULL),
('skill',	'VRTX',	NULL),
('skill',	'VSAM',	NULL),
('skill',	'VTAM',	NULL),
('skill',	'VxWorks',	NULL),
('skill',	'WAIS',	NULL),
('skill',	'Walker Interactive',	NULL),
('skill',	'WAN',	NULL),
('skill',	'Wang',	NULL),
('skill',	'Wang Freestyle',	NULL),
('skill',	'Wang VS',	NULL),
('skill',	'WangNet',	NULL),
('skill',	'Warnier-Orr',	NULL),
('skill',	'Web servers',	NULL),
('skill',	'WebMaker (Harlequin)',	NULL),
('skill',	'WebWorks (Quadralay)',	NULL),
('skill',	'WELL',	NULL),
('skill',	'Win32',	NULL),
('skill',	'Windows 3.1',	NULL),
('skill',	'Windows 95',	NULL),
('skill',	'Windows DDK',	NULL),
('skill',	'Windows for Workgroups',	NULL),
('skill',	'Windows Help Magician',	NULL),
('skill',	'Windows NT',	NULL),
('skill',	'Windows SDK',	NULL),
('skill',	'Windows Sockets',	NULL),
('skill',	'Wingz (Informix)',	NULL),
('skill',	'WinHelp',	NULL),
('skill',	'Wireless LANs',	NULL),
('skill',	'WordPerfect',	NULL),
('skill',	'WordPerfect Office',	NULL),
('skill',	'WordPerfect Presentations',	NULL),
('skill',	'WordStar',	NULL),
('skill',	'Worldview (Interleaf)',	NULL),
('skill',	'WSN (Wang)',	NULL),
('skill',	'WYLBUR',	NULL),
('skill',	'WysiHelp',	NULL),
('skill',	'X-Motif',	NULL),
('skill',	'X-Runner',	NULL),
('skill',	'X-Windows',	NULL),
('skill',	'X.23',	NULL),
('skill',	'X.25',	NULL),
('skill',	'X.400',	NULL),
('skill',	'X.500',	NULL),
('skill',	'X.700',	NULL),
('skill',	'XEdit',	NULL),
('skill',	'XLib',	NULL),
('skill',	'XML',	NULL),
('skill',	'XModem',	NULL),
('skill',	'XMon',	NULL),
('skill',	'XODIAC (Data General)',	NULL),
('skill',	'XScope',	NULL),
('skill',	'XToolkit',	NULL),
('skill',	'XView',	NULL),
('skill',	'XWindows',	NULL),
('skill',	'YModem',	NULL),
('skill',	'Yourdon/DeMarco',	NULL),
('skill',	'ZModem',	NULL);

DROP TABLE IF EXISTS `invitations`;
CREATE TABLE `invitations` (
  `id` int(11) NOT NULL AUTO_INCREMENT COMMENT 'ID',
  `user_id` int(11) NOT NULL COMMENT 'User ID',
  `email_id` varchar(50) NOT NULL COMMENT 'Email ID',
  PRIMARY KEY (`id`),
  KEY `user_id` (`user_id`)
) ENGINE=MyISAM DEFAULT CHARSET=latin1;

INSERT INTO `invitations` (`id`, `user_id`, `email_id`) VALUES
(212,	1,	'magisha22@gmail.com'),
(217,	1,	'ashmi678@gmail.com'),
(200,	1,	'vt55@student.le.ac.uk'),
(218,	1,	'zakera@insightconsultancy.co.uk'),
(210,	1,	'a.jadavpurnima@gmail.com'),
(222,	1,	'rkb14@le.ac.uk'),
(207,	1,	'info@stalwartos.com'),
(209,	1,	'manoj@futurerising.com'),
(206,	1,	'ucanfindsaravanan@yahoo.com'),
(203,	1,	'sivaganesh1232000@gmail.com'),
(202,	1,	'aljm1@student.le.ac.uk'),
(201,	1,	'np183@le.ac.uk'),
(213,	1,	'sathishantony20@gmail.com'),
(214,	1,	'pushu645@gmail.com'),
(215,	1,	'jeyashree16@gmail.com'),
(219,	1,	'devteam@insightconsultancy.co.uk'),
(220,	29,	''),
(221,	29,	'autcse09@gmail.com'),
(223,	1,	'test@skelp.net'),
(224,	1,	'aasdf@skelp.net'),
(226,	1,	'subashchandar@gmail.com'),
(227,	1,	'annaman@live.in'),
(228,	1,	'pragatisangavi@gmail.com'),
(229,	1,	'muthuramanr@gmail.com'),
(231,	1,	'dhivya19991@gmail.com'),
(232,	1,	'arivucool@yahoo.com'),
(233,	1,	'charanwarrior@gmail.com'),
(234,	1,	'coolmalk92@gmail.com'),
(235,	1,	'rasvin@gmail.com'),
(236,	1,	'ajay.subramani@yahoo.in'),
(237,	1,	'santhoshmanic@gmail.com'),
(238,	1,	'asvika.arun@gmail.com'),
(239,	1,	'swathi_ieee@yahoo.in'),
(240,	1,	'arunnoel.victor@gmail.com'),
(241,	1,	'priyanka.jagadeesan2@gmail.com'),
(242,	1,	'alamrins@gmail.com'),
(243,	1,	'prithiv.anand@gmail.com'),
(244,	1,	'ponmalaru14@gmail.com'),
(245,	1,	'sivaganeshssg@gmail.com'),
(246,	1,	'apoorva_7191@hotmail.com'),
(247,	1,	'salma969@gmail.com'),
(248,	1,	'fathima324@gmail.com'),
(249,	1,	'ppriyadharshan@gmail.com'),
(250,	1,	'gp_preethi@yahoo.com'),
(251,	1,	'melchi.anto@facebook.com'),
(252,	1,	'srdhivya27@gmail.com'),
(253,	1,	'anithalakshmijagan@gmail.com');

DROP TABLE IF EXISTS `issues`;
CREATE TABLE `issues` (
  `id` int(11) NOT NULL AUTO_INCREMENT COMMENT 'Issue ID',
  `user_id` int(11) NOT NULL COMMENT 'User ID',
  `title` varchar(255) NOT NULL COMMENT 'Title',
  `summary` varchar(2500) NOT NULL COMMENT 'Summary',
  `assistance` bit(1) DEFAULT NULL COMMENT 'Assistance required?',
  `slug` varchar(255) DEFAULT NULL COMMENT 'Slug',
  `email` varchar(50) DEFAULT NULL COMMENT 'Email',
  `phone` varchar(20) DEFAULT NULL COMMENT 'Phone',
  `status` enum('resolved','unresolved','processing') NOT NULL DEFAULT 'unresolved' COMMENT 'Status',
  `solved_by` int(11) DEFAULT NULL COMMENT 'Solved by',
  `created_at` timestamp NULL DEFAULT CURRENT_TIMESTAMP COMMENT 'Date created',
  `updated_at` timestamp NOT NULL DEFAULT '0000-00-00 00:00:00' COMMENT 'Date updated',
  PRIMARY KEY (`id`),
  KEY `user_id` (`user_id`),
  KEY `solved_by` (`solved_by`),
  CONSTRAINT `issues_ibfk_3` FOREIGN KEY (`user_id`) REFERENCES `users` (`id`) ON DELETE CASCADE ON UPDATE CASCADE,
  CONSTRAINT `issues_ibfk_5` FOREIGN KEY (`solved_by`) REFERENCES `users` (`id`) ON DELETE SET NULL ON UPDATE CASCADE
) ENGINE=InnoDB DEFAULT CHARSET=latin1 COMMENT='Issues';

INSERT INTO `issues` (`id`, `user_id`, `title`, `summary`, `assistance`, `slug`, `email`, `phone`, `status`, `solved_by`, `created_at`, `updated_at`) VALUES
(16,	1,	'Postcode is not use every where',	'<p>Countries like Dubai does not use postcode. Why?</p>',	CONV('1', 2, 10) + 0,	'postcode-is-not-use-every-where',	NULL,	NULL,	'unresolved',	NULL,	'2015-04-05 19:14:47',	'2015-03-13 23:02:06'),
(20,	57,	'Graphic card Issue!',	'<p>I recently updated my NVIDIA GeForce graphics card. Since then I am seeing black screen at times and the screen blinks for about 2 seconds and then becomes normal. &nbsp;</p>',	CONV('1', 2, 10) + 0,	'graphic-card-issue',	NULL,	NULL,	'unresolved',	NULL,	'2015-04-19 11:27:39',	'2015-04-19 11:27:39'),
(21,	29,	'Testing Issues',	'<p>&nbsp; &nbsp; &nbsp; &nbsp; &nbsp;&nbsp;</p>',	CONV('1', 2, 10) + 0,	'testing-issues',	NULL,	NULL,	'unresolved',	NULL,	'2015-04-22 17:12:05',	'2015-04-22 17:12:05'),
(22,	1,	'How is graph search different from semantic search?',	'<p>It would be great if someone can explain me the difference between semantic search and graph search. I am trying to implement a search with NLP using PHP in one of my application.</p>',	CONV('1', 2, 10) + 0,	'how-is-graph-search-different-from-semantic-search',	NULL,	NULL,	'unresolved',	NULL,	'2015-04-26 08:27:59',	'2015-04-26 08:27:59'),
(23,	38,	'php as a language is a mess',	'<p>Looking for a php programmer</p>',	CONV('1', 2, 10) + 0,	'php-as-a-language-is-a-mess',	NULL,	NULL,	'unresolved',	NULL,	'2015-04-27 06:23:55',	'2015-04-27 06:23:55'),
(24,	1,	'What are PHP, MySQL, HTML and CSS?',	'<p>I am using these programming languages for my individual project. Can someone help me with understanding these languages better?</p>',	CONV('1', 2, 10) + 0,	'free-php-mysql-html-and-css-workshop',	NULL,	NULL,	'unresolved',	NULL,	'2015-05-05 01:04:29',	'2015-05-05 01:09:26'),
(25,	69,	'Hadoop big data',	'<p><b></b><b>Can someone help me understand / teach&nbsp;<i>hadoop big data</i> ??</b><b></b><b></b></p>',	CONV('1', 2, 10) + 0,	'hadoop-big-data',	NULL,	NULL,	'unresolved',	NULL,	'2015-05-12 02:55:09',	'2015-05-12 02:55:09');

DROP TABLE IF EXISTS `issue_comments`;
CREATE TABLE `issue_comments` (
  `id` int(11) NOT NULL AUTO_INCREMENT COMMENT 'Comment ID',
  `issue_id` int(11) NOT NULL COMMENT 'Issue ID',
  `user_id` int(11) NOT NULL COMMENT 'User ID',
  `comment` varchar(2000) NOT NULL COMMENT 'Comment',
  `solution` tinyint(4) DEFAULT NULL COMMENT 'Solution',
  `deleted` tinyint(4) DEFAULT NULL COMMENT 'Deleted',
  `drafted` tinyint(4) DEFAULT NULL COMMENT 'Drafted',
  `banned` tinyint(4) DEFAULT NULL COMMENT 'Banned',
  `created_at` timestamp NOT NULL DEFAULT CURRENT_TIMESTAMP COMMENT 'Date created',
  `updated_at` timestamp NOT NULL DEFAULT '0000-00-00 00:00:00' COMMENT 'Date updated',
  PRIMARY KEY (`id`),
  KEY `issue_id` (`issue_id`),
  KEY `user_id` (`user_id`),
  CONSTRAINT `issue_comments_ibfk_3` FOREIGN KEY (`issue_id`) REFERENCES `issues` (`id`) ON DELETE CASCADE ON UPDATE CASCADE,
  CONSTRAINT `issue_comments_ibfk_4` FOREIGN KEY (`user_id`) REFERENCES `users` (`id`) ON DELETE CASCADE ON UPDATE CASCADE
) ENGINE=InnoDB DEFAULT CHARSET=latin1 COMMENT='Issue Comments';

INSERT INTO `issue_comments` (`id`, `issue_id`, `user_id`, `comment`, `solution`, `deleted`, `drafted`, `banned`, `created_at`, `updated_at`) VALUES
(11,	16,	1,	'<p>Comment</p>',	NULL,	NULL,	NULL,	NULL,	'2015-03-13 23:05:44',	'2015-03-13 23:05:44'),
(16,	21,	29,	'<p>&nbsp; &nbsp;&nbsp;</p>',	NULL,	NULL,	NULL,	NULL,	'2015-04-22 17:13:20',	'2015-04-22 17:13:20');

DROP TABLE IF EXISTS `issue_comment_helpful`;
CREATE TABLE `issue_comment_helpful` (
  `comment_id` int(11) NOT NULL,
  `user_id` int(11) NOT NULL COMMENT 'User ID',
  `created_at` timestamp NOT NULL DEFAULT CURRENT_TIMESTAMP,
  `updated_at` timestamp NOT NULL DEFAULT '0000-00-00 00:00:00',
  UNIQUE KEY `user_id_comment_id` (`user_id`,`comment_id`),
  KEY `comment_id` (`comment_id`),
  KEY `user_id` (`user_id`),
  CONSTRAINT `issue_comment_helpful_ibfk_4` FOREIGN KEY (`user_id`) REFERENCES `users` (`id`) ON DELETE CASCADE ON UPDATE CASCADE,
  CONSTRAINT `issue_comment_helpful_ibfk_6` FOREIGN KEY (`comment_id`) REFERENCES `issue_comments` (`id`) ON DELETE CASCADE
) ENGINE=InnoDB DEFAULT CHARSET=latin1 COMMENT='Helpful comment';

INSERT INTO `issue_comment_helpful` (`comment_id`, `user_id`, `created_at`, `updated_at`) VALUES
(11,	18,	'2015-04-08 10:56:53',	'2015-04-08 10:56:53');

DROP TABLE IF EXISTS `issue_comment_reply`;
CREATE TABLE `issue_comment_reply` (
  `id` int(11) NOT NULL AUTO_INCREMENT COMMENT 'ID',
  `comment_id` int(11) NOT NULL COMMENT 'Comment ID',
  `user_id` int(11) NOT NULL COMMENT 'User ID',
  `comment` varchar(2000) NOT NULL COMMENT 'Comment',
  `deleted` tinyint(4) DEFAULT NULL COMMENT 'Deleted',
  `drafted` tinyint(4) DEFAULT NULL COMMENT 'Drafted',
  `banned` tinyint(4) DEFAULT NULL COMMENT 'Banned',
  `reported` tinyint(4) DEFAULT NULL COMMENT 'Reported',
  `created_at` timestamp NOT NULL DEFAULT CURRENT_TIMESTAMP COMMENT 'Date created',
  `updated_at` timestamp NOT NULL DEFAULT '0000-00-00 00:00:00' COMMENT 'Date updated',
  PRIMARY KEY (`id`),
  KEY `comment_id` (`comment_id`),
  KEY `user_id` (`user_id`),
  CONSTRAINT `issue_comment_reply_ibfk_3` FOREIGN KEY (`comment_id`) REFERENCES `issue_comments` (`id`) ON DELETE CASCADE ON UPDATE CASCADE,
  CONSTRAINT `issue_comment_reply_ibfk_4` FOREIGN KEY (`user_id`) REFERENCES `users` (`id`) ON DELETE CASCADE ON UPDATE CASCADE
) ENGINE=InnoDB DEFAULT CHARSET=latin1 COMMENT='Issue Comment Reply';


DROP TABLE IF EXISTS `issue_handle_request`;
CREATE TABLE `issue_handle_request` (
  `id` int(11) NOT NULL AUTO_INCREMENT COMMENT 'ID',
  `issue_id` int(11) NOT NULL COMMENT 'Issue ID',
  `user_id` int(11) NOT NULL COMMENT 'User ID',
  `status` tinyint(4) DEFAULT NULL COMMENT 'Status (1, 2, 3, 4, 5)',
  `message` varchar(255) NOT NULL COMMENT 'Message',
  `forwarded_to` int(11) DEFAULT NULL COMMENT 'Forwarded To',
  `created_at` timestamp NOT NULL DEFAULT CURRENT_TIMESTAMP COMMENT 'Date requested',
  `updated_at` timestamp NOT NULL DEFAULT '0000-00-00 00:00:00' COMMENT 'Date updated',
  PRIMARY KEY (`id`),
  KEY `issue_id` (`issue_id`),
  KEY `user_id` (`user_id`),
  CONSTRAINT `issue_handle_request_ibfk_3` FOREIGN KEY (`issue_id`) REFERENCES `issues` (`id`) ON DELETE CASCADE ON UPDATE CASCADE,
  CONSTRAINT `issue_handle_request_ibfk_4` FOREIGN KEY (`user_id`) REFERENCES `users` (`id`) ON DELETE CASCADE ON UPDATE CASCADE
) ENGINE=InnoDB DEFAULT CHARSET=latin1 COMMENT='Issue handle request';

INSERT INTO `issue_handle_request` (`id`, `issue_id`, `user_id`, `status`, `message`, `forwarded_to`, `created_at`, `updated_at`) VALUES
(3,	16,	18,	1,	'I would like to help you with this issue',	NULL,	'2015-04-05 23:04:24',	'2015-04-05 23:04:39'),
(4,	23,	1,	4,	'I would like to help you with this issue',	NULL,	'2015-04-30 03:51:15',	'2015-05-15 15:22:53'),
(5,	25,	1,	NULL,	'I would like to help you with this issue',	NULL,	'2015-05-13 03:48:52',	'2015-05-13 03:48:52');

DROP TABLE IF EXISTS `issue_tags`;
CREATE TABLE `issue_tags` (
  `id` tinyint(4) NOT NULL AUTO_INCREMENT COMMENT 'ID',
  `issue_id` int(11) DEFAULT NULL COMMENT 'Issue ID',
  `tag_type` enum('skill') NOT NULL COMMENT 'Tag type',
  `tag` varchar(50) NOT NULL COMMENT 'Tag',
  `level` tinyint(4) NOT NULL COMMENT 'Level',
  `created_at` timestamp NOT NULL DEFAULT CURRENT_TIMESTAMP,
  `updated_at` timestamp NOT NULL DEFAULT '0000-00-00 00:00:00',
  PRIMARY KEY (`id`),
  KEY `issue_id` (`issue_id`),
  CONSTRAINT `issue_tags_ibfk_2` FOREIGN KEY (`issue_id`) REFERENCES `issues` (`id`) ON DELETE CASCADE ON UPDATE CASCADE
) ENGINE=InnoDB DEFAULT CHARSET=latin1 COMMENT='Issue Tags';

INSERT INTO `issue_tags` (`id`, `issue_id`, `tag_type`, `tag`, `level`, `created_at`, `updated_at`) VALUES
(7,	22,	'skill',	'Semantics',	3,	'2015-04-26 14:03:14',	'0000-00-00 00:00:00'),
(8,	22,	'skill',	'Graph Search',	3,	'2015-04-26 14:04:21',	'0000-00-00 00:00:00'),
(9,	23,	'skill',	'PHP',	4,	'2015-04-30 11:37:29',	'0000-00-00 00:00:00'),
(10,	24,	'skill',	'PHP',	2,	'2015-05-05 06:34:29',	'0000-00-00 00:00:00'),
(11,	24,	'skill',	'MySQL',	2,	'2015-05-05 06:34:29',	'0000-00-00 00:00:00'),
(12,	24,	'skill',	'HTML',	2,	'2015-05-05 06:34:29',	'0000-00-00 00:00:00'),
(13,	24,	'skill',	'CSS',	2,	'2015-05-05 06:34:29',	'0000-00-00 00:00:00'),
(15,	16,	'skill',	'HTML',	3,	'2015-05-15 21:15:00',	'0000-00-00 00:00:00');

DROP TABLE IF EXISTS `messages`;
CREATE TABLE `messages` (
  `id` int(11) NOT NULL AUTO_INCREMENT COMMENT 'ID',
  `thread_id` int(11) NOT NULL COMMENT 'Thread ID',
  `from_user` int(11) NOT NULL COMMENT 'Sender',
  `to_user` int(11) NOT NULL COMMENT 'Receiver',
  `message` varchar(1500) NOT NULL COMMENT 'message',
  `created_at` timestamp NOT NULL DEFAULT CURRENT_TIMESTAMP ON UPDATE CURRENT_TIMESTAMP COMMENT 'Date sent',
  `updated_at` timestamp NOT NULL DEFAULT '0000-00-00 00:00:00' COMMENT 'Updated at',
  `read` tinyint(4) DEFAULT NULL COMMENT 'Has read?',
  `deleted` tinyint(4) DEFAULT NULL COMMENT 'Deleted',
  `reported` tinyint(4) DEFAULT NULL COMMENT 'Reported',
  PRIMARY KEY (`id`),
  KEY `sender_id` (`from_user`),
  KEY `receiver_id` (`to_user`),
  KEY `thread_id` (`thread_id`),
  CONSTRAINT `messages_ibfk_3` FOREIGN KEY (`thread_id`) REFERENCES `message_threads` (`id`),
  CONSTRAINT `messages_ibfk_4` FOREIGN KEY (`from_user`) REFERENCES `users` (`id`),
  CONSTRAINT `messages_ibfk_5` FOREIGN KEY (`to_user`) REFERENCES `users` (`id`)
) ENGINE=InnoDB DEFAULT CHARSET=latin1 COMMENT='User Messages';

INSERT INTO `messages` (`id`, `thread_id`, `from_user`, `to_user`, `message`, `created_at`, `updated_at`, `read`, `deleted`, `reported`) VALUES
(3,	1,	1,	18,	'Helloooooo',	'2015-05-07 08:05:17',	'2015-05-07 02:35:17',	1,	NULL,	NULL),
(4,	1,	18,	1,	'Helloooooo',	'2015-05-12 14:52:03',	'2015-05-12 09:22:03',	1,	NULL,	NULL),
(5,	2,	1,	4,	'Hello Mummy! :D',	'2015-05-07 08:05:17',	'2015-05-07 02:35:17',	1,	NULL,	NULL),
(6,	2,	4,	1,	'Hey Son!',	'2015-05-13 09:17:28',	'2015-05-13 03:47:28',	1,	NULL,	NULL),
(8,	2,	1,	4,	'Hi mom! How are you?',	'2015-05-07 08:05:17',	'2015-05-07 02:35:17',	1,	NULL,	NULL),
(9,	2,	1,	4,	'You there?',	'2015-05-07 08:05:17',	'2015-05-07 02:35:17',	1,	NULL,	NULL),
(10,	1,	1,	18,	'Hey Bondu :)',	'2015-05-07 08:05:17',	'2015-05-07 02:35:17',	1,	NULL,	NULL),
(11,	1,	1,	18,	'Test',	'2015-05-07 08:05:17',	'2015-05-07 02:35:17',	1,	NULL,	NULL),
(12,	1,	1,	18,	'Ajax test',	'2015-05-07 08:05:17',	'2015-05-07 02:35:17',	1,	NULL,	NULL),
(13,	2,	1,	4,	'Ajax test',	'2015-05-07 08:05:17',	'2015-05-07 02:35:17',	1,	NULL,	NULL),
(14,	2,	1,	4,	'Ajaxxxx',	'2015-05-07 08:05:17',	'2015-05-07 02:35:17',	1,	NULL,	NULL),
(15,	2,	1,	4,	'TEst',	'2015-05-07 08:05:17',	'2015-05-07 02:35:17',	1,	NULL,	NULL),
(16,	2,	1,	4,	'asdf',	'2015-05-07 08:05:17',	'2015-05-07 02:35:17',	1,	NULL,	NULL),
(17,	2,	1,	4,	'sadf',	'2015-05-07 08:05:17',	'2015-05-07 02:35:17',	1,	NULL,	NULL),
(18,	2,	1,	4,	'asdf',	'2015-05-07 08:05:17',	'2015-05-07 02:35:17',	1,	NULL,	NULL),
(19,	1,	1,	18,	'Ajax Final',	'2015-05-07 08:05:17',	'2015-05-07 02:35:17',	1,	NULL,	NULL),
(20,	1,	1,	18,	'Hi',	'2015-05-07 08:05:17',	'2015-05-07 02:35:17',	1,	NULL,	NULL),
(21,	1,	18,	1,	'hello\r\n',	'2015-05-12 14:52:03',	'2015-05-12 09:22:03',	1,	NULL,	NULL),
(22,	1,	1,	18,	'Where are you?',	'2015-05-07 08:05:17',	'2015-05-07 02:35:17',	1,	NULL,	NULL),
(23,	1,	18,	1,	'Home',	'2015-05-12 14:52:03',	'2015-05-12 09:22:03',	1,	NULL,	NULL),
(24,	1,	18,	1,	'testt',	'2015-05-12 14:52:03',	'2015-05-12 09:22:03',	1,	NULL,	NULL),
(25,	2,	1,	4,	'Mooooom!!!',	'2015-05-07 08:05:17',	'2015-05-07 02:35:17',	1,	NULL,	NULL),
(26,	2,	1,	4,	'TEst',	'2015-05-07 08:05:17',	'2015-05-07 02:35:17',	1,	NULL,	NULL),
(27,	2,	1,	4,	'TEstasdf',	'2015-05-07 08:05:17',	'2015-05-07 02:35:17',	1,	NULL,	NULL),
(28,	2,	1,	4,	'sdf',	'2015-05-07 08:05:17',	'2015-05-07 02:35:17',	1,	NULL,	NULL),
(29,	3,	4,	18,	'Hi',	'2015-05-07 08:05:17',	'2015-05-07 02:35:17',	1,	NULL,	NULL),
(30,	3,	18,	4,	'Hello\r\n',	'2015-05-07 08:05:17',	'2015-05-07 02:35:17',	1,	NULL,	NULL),
(31,	4,	6,	4,	'hello mom',	'2015-05-07 08:05:17',	'2015-05-07 02:35:17',	1,	NULL,	NULL),
(32,	4,	4,	6,	'Hello  :)',	'2015-05-07 08:05:17',	'2015-05-07 02:35:17',	1,	NULL,	NULL),
(33,	4,	6,	4,	'How are you?',	'2015-05-07 08:05:17',	'2015-05-07 02:35:17',	1,	NULL,	NULL),
(34,	4,	4,	6,	'I am fine :)',	'2015-05-07 08:05:17',	'2015-05-07 02:35:17',	1,	NULL,	NULL),
(35,	5,	1,	25,	'Hello!',	'2015-05-07 08:05:17',	'2015-05-07 02:35:17',	1,	NULL,	NULL),
(36,	5,	25,	1,	'adai',	'2015-05-12 17:37:47',	'2015-05-12 12:07:47',	1,	NULL,	NULL),
(37,	5,	25,	1,	'tick tick',	'2015-05-12 17:37:47',	'2015-05-12 12:07:47',	1,	NULL,	NULL),
(38,	5,	1,	25,	':)',	'2015-05-07 08:05:17',	'2015-05-07 02:35:17',	1,	NULL,	NULL),
(39,	5,	1,	25,	'tick tick?',	'2015-05-07 08:05:17',	'2015-05-07 02:35:17',	1,	NULL,	NULL),
(40,	5,	25,	1,	'aa',	'2015-05-12 17:37:47',	'2015-05-12 12:07:47',	1,	NULL,	NULL),
(41,	5,	1,	25,	'checks for new messages every 10 seconds',	'2015-05-07 08:05:17',	'2015-05-07 02:35:17',	1,	NULL,	NULL),
(42,	5,	25,	1,	'test',	'2015-05-12 17:37:47',	'2015-05-12 12:07:47',	1,	NULL,	NULL),
(43,	6,	30,	1,	'hi how are yo?',	'2015-05-13 09:17:29',	'2015-05-13 03:47:29',	1,	NULL,	NULL),
(44,	6,	1,	30,	'Hi',	'2015-05-07 08:05:17',	'2015-05-07 02:35:17',	1,	NULL,	NULL),
(45,	7,	29,	1,	'hi thambi',	'2015-05-13 09:17:26',	'2015-05-13 03:47:26',	1,	NULL,	NULL),
(46,	7,	1,	29,	'hello\r\n',	'2015-05-07 08:05:17',	'2015-05-07 02:35:17',	1,	NULL,	NULL),
(47,	7,	29,	1,	'how are you?',	'2015-05-13 09:17:26',	'2015-05-13 03:47:26',	1,	NULL,	NULL),
(48,	2,	4,	1,	'hello',	'2015-05-13 09:17:28',	'2015-05-13 03:47:28',	1,	NULL,	NULL),
(49,	2,	1,	4,	'heyyy mom',	'2015-05-07 08:05:17',	'2015-05-07 02:35:17',	1,	NULL,	NULL),
(50,	1,	1,	18,	'test',	'2015-05-07 08:05:17',	'2015-05-07 02:35:17',	1,	NULL,	NULL),
(51,	1,	1,	18,	'hello',	'2015-05-07 08:05:17',	'2015-05-07 02:35:17',	1,	NULL,	NULL),
(52,	1,	18,	1,	'Hello thambi :)',	'2015-05-12 14:52:03',	'2015-05-12 09:22:03',	1,	NULL,	NULL),
(53,	6,	30,	1,	'',	'2015-05-13 09:17:29',	'2015-05-13 03:47:29',	1,	NULL,	NULL),
(54,	6,	30,	1,	'',	'2015-05-13 09:17:29',	'2015-05-13 03:47:29',	1,	NULL,	NULL),
(55,	6,	30,	1,	'',	'2015-05-13 09:17:29',	'2015-05-13 03:47:29',	1,	NULL,	NULL),
(56,	6,	30,	1,	'',	'2015-05-13 09:17:29',	'2015-05-13 03:47:29',	1,	NULL,	NULL),
(57,	6,	30,	1,	'',	'2015-05-13 09:17:29',	'2015-05-13 03:47:29',	1,	NULL,	NULL),
(58,	6,	30,	1,	'',	'2015-05-13 09:17:29',	'2015-05-13 03:47:29',	1,	NULL,	NULL),
(59,	6,	30,	1,	'',	'2015-05-13 09:17:29',	'2015-05-13 03:47:29',	1,	NULL,	NULL),
(60,	6,	30,	1,	'',	'2015-05-13 09:17:29',	'2015-05-13 03:47:29',	1,	NULL,	NULL),
(61,	6,	30,	1,	'',	'2015-05-13 09:17:29',	'2015-05-13 03:47:29',	1,	NULL,	NULL),
(62,	6,	30,	1,	'',	'2015-05-13 09:17:29',	'2015-05-13 03:47:29',	1,	NULL,	NULL),
(63,	6,	30,	1,	'',	'2015-05-13 09:17:29',	'2015-05-13 03:47:29',	1,	NULL,	NULL),
(64,	6,	30,	1,	'',	'2015-05-13 09:17:29',	'2015-05-13 03:47:29',	1,	NULL,	NULL),
(65,	6,	30,	1,	'',	'2015-05-13 09:17:29',	'2015-05-13 03:47:29',	1,	NULL,	NULL),
(66,	1,	18,	1,	'thambi :)\r\n',	'2015-05-12 14:52:03',	'2015-05-12 09:22:03',	1,	NULL,	NULL),
(67,	1,	18,	1,	'Test',	'2015-05-12 14:52:03',	'2015-05-12 09:22:03',	1,	NULL,	NULL),
(68,	1,	18,	1,	'sadf',	'2015-05-12 14:52:03',	'2015-05-12 09:22:03',	1,	NULL,	NULL),
(69,	1,	18,	1,	'okasdf',	'2015-05-12 14:52:03',	'2015-05-12 09:22:03',	1,	NULL,	NULL),
(70,	1,	18,	1,	'now ok',	'2015-05-12 14:52:03',	'2015-05-12 09:22:03',	1,	NULL,	NULL),
(71,	5,	25,	1,	'va ma minnal',	'2015-05-12 17:37:47',	'2015-05-12 12:07:47',	1,	NULL,	NULL),
(72,	8,	39,	1,	'K.',	'2015-05-13 08:40:54',	'2015-05-13 03:10:54',	1,	NULL,	NULL),
(73,	8,	1,	39,	'What the hell are you upto?',	'2015-05-07 08:05:17',	'2015-05-07 02:35:17',	1,	NULL,	NULL),
(74,	5,	1,	25,	'I\'m on they way',	'2015-05-07 08:05:17',	'2015-05-07 02:35:17',	1,	NULL,	NULL),
(75,	9,	57,	1,	'Test-u :P',	'2015-05-12 17:39:27',	'2015-05-12 12:09:27',	1,	NULL,	NULL),
(76,	9,	1,	57,	'rightu',	'2015-05-07 08:05:17',	'2015-05-07 02:35:17',	1,	NULL,	NULL),
(77,	9,	57,	1,	'So, the latest message comes at the top? :D',	'2015-05-12 17:39:27',	'2015-05-12 12:09:27',	1,	NULL,	NULL),
(78,	9,	1,	57,	'Yes\r\n',	'2015-05-07 08:05:17',	'2015-05-07 02:35:17',	1,	NULL,	NULL),
(79,	9,	1,	57,	'Everything is in Beta',	'2015-05-07 08:05:17',	'2015-05-07 02:35:17',	1,	NULL,	NULL),
(80,	9,	57,	1,	'Wow! Ajax used here? :)',	'2015-05-12 17:39:27',	'2015-05-12 12:09:27',	1,	NULL,	NULL),
(81,	9,	57,	1,	'Cool! :D',	'2015-05-12 17:39:27',	'2015-05-12 12:09:27',	1,	NULL,	NULL),
(82,	9,	57,	1,	'My screen is kinda a very big one. I get to see everything in a wide screen. Try like Facebook and cover only the center part.. leave spaces to the left and right ! :)',	'2015-05-12 17:39:27',	'2015-05-12 12:09:27',	1,	NULL,	NULL),
(83,	9,	1,	57,	'ohh I din know that',	'2015-05-07 08:05:17',	'2015-05-07 02:35:17',	1,	NULL,	NULL),
(84,	9,	1,	57,	'Send a screenshot of how it looks \r\n',	'2015-05-07 08:05:17',	'2015-05-07 02:35:17',	1,	NULL,	NULL),
(85,	9,	57,	1,	'One feature can be added to messages, Image and Attachments :) We went to FB to see the image i sent :P it can be done here :D',	'2015-05-12 17:39:27',	'2015-05-12 12:09:27',	1,	NULL,	NULL),
(86,	9,	1,	57,	'I can do that If I use some plugin\r\n',	'2015-05-07 08:05:17',	'2015-05-07 02:35:17',	1,	NULL,	NULL),
(87,	5,	25,	1,	'vadi pulla vadi .. sema song..',	'2015-05-12 17:37:47',	'2015-05-12 12:07:47',	1,	NULL,	NULL),
(88,	5,	1,	25,	'Business business! X(',	'2015-05-07 08:05:17',	'2015-05-07 02:35:17',	1,	NULL,	NULL),
(89,	10,	1,	65,	'dai\r\n',	'2015-05-07 08:05:17',	'2015-05-07 02:35:17',	1,	NULL,	NULL),
(90,	10,	65,	1,	'Dee',	'2015-05-12 16:41:50',	'2015-05-12 11:11:50',	1,	NULL,	NULL),
(91,	10,	65,	1,	'Semmaya irukku!\r\n',	'2015-05-12 16:41:50',	'2015-05-12 11:11:50',	1,	NULL,	NULL),
(92,	5,	25,	1,	'dai',	'2015-05-12 17:37:47',	'2015-05-12 12:07:47',	1,	NULL,	NULL),
(93,	5,	25,	1,	'test',	'2015-05-12 17:37:47',	'2015-05-12 12:07:47',	1,	NULL,	NULL),
(94,	5,	25,	1,	'ok',	'2015-05-12 17:37:47',	'2015-05-12 12:07:47',	1,	NULL,	NULL),
(95,	5,	25,	1,	'now?',	'2015-05-12 17:37:47',	'2015-05-12 12:07:47',	1,	NULL,	NULL),
(96,	5,	1,	25,	'worked!',	'2015-05-07 08:05:17',	'2015-05-07 02:35:17',	1,	NULL,	NULL),
(97,	5,	25,	1,	'ok',	'2015-05-12 17:37:47',	'2015-05-12 12:07:47',	1,	NULL,	NULL),
(98,	5,	25,	1,	'done',	'2015-05-12 17:37:47',	'2015-05-12 12:07:47',	1,	NULL,	NULL),
(99,	5,	25,	1,	'okok',	'2015-05-12 17:37:47',	'2015-05-12 12:07:47',	1,	NULL,	NULL),
(100,	5,	1,	25,	'not twice',	'2015-05-07 08:22:24',	'2015-05-07 02:52:24',	1,	NULL,	NULL),
(101,	5,	1,	25,	'now',	'2015-05-07 08:23:36',	'2015-05-07 02:53:36',	1,	NULL,	NULL),
(102,	5,	25,	1,	'Final?',	'2015-05-12 17:37:47',	'2015-05-12 12:07:47',	1,	NULL,	NULL),
(103,	5,	25,	1,	'Finallll?',	'2015-05-12 17:37:47',	'2015-05-12 12:07:47',	1,	NULL,	NULL),
(104,	5,	1,	25,	'yup',	'2015-05-07 08:27:19',	'2015-05-07 02:57:19',	1,	NULL,	NULL),
(105,	10,	1,	65,	' ',	'2015-05-12 13:32:03',	'2015-05-12 06:52:53',	1,	NULL,	NULL),
(106,	1,	1,	18,	' ',	'2015-05-12 12:55:30',	'2015-05-12 07:25:30',	1,	NULL,	NULL),
(107,	1,	1,	18,	' ',	'2015-05-12 12:55:30',	'2015-05-12 07:25:30',	1,	NULL,	NULL),
(108,	1,	1,	18,	' ',	'2015-05-12 12:55:30',	'2015-05-12 07:25:30',	1,	NULL,	NULL),
(109,	1,	1,	18,	' ',	'2015-05-12 12:55:29',	'2015-05-12 07:25:29',	1,	NULL,	NULL),
(110,	1,	1,	18,	' ',	'2015-05-12 12:55:29',	'2015-05-12 07:25:29',	1,	NULL,	NULL),
(111,	1,	1,	18,	' ',	'2015-05-12 12:55:29',	'2015-05-12 07:25:29',	1,	NULL,	NULL),
(112,	1,	1,	18,	' ',	'2015-05-12 12:55:29',	'2015-05-12 07:25:29',	1,	NULL,	NULL),
(113,	1,	1,	18,	' ',	'2015-05-12 12:55:29',	'2015-05-12 07:25:29',	1,	NULL,	NULL),
(114,	1,	1,	18,	' ',	'2015-05-12 12:55:29',	'2015-05-12 07:25:29',	1,	NULL,	NULL),
(115,	1,	1,	18,	' ',	'2015-05-12 12:55:29',	'2015-05-12 07:25:29',	1,	NULL,	NULL),
(116,	1,	1,	18,	' ',	'2015-05-12 12:55:29',	'2015-05-12 07:25:29',	1,	NULL,	NULL),
(117,	1,	1,	18,	'TEst',	'2015-05-12 12:55:29',	'2015-05-12 07:25:29',	1,	NULL,	NULL),
(118,	1,	18,	1,	' sadf asdf asdf   s',	'2015-05-12 14:52:03',	'2015-05-12 09:22:03',	1,	NULL,	NULL),
(119,	1,	1,	18,	'Manda',	'2015-05-12 13:00:12',	'2015-05-12 07:30:12',	1,	NULL,	NULL),
(120,	1,	1,	18,	'Mandaaaaaa',	'2015-05-12 13:00:28',	'2015-05-12 07:30:28',	1,	NULL,	NULL),
(121,	1,	18,	1,	'Test',	'2015-05-12 14:52:03',	'2015-05-12 09:22:03',	1,	NULL,	NULL),
(122,	1,	1,	18,	'TEst',	'2015-05-12 13:34:05',	'2015-05-12 08:04:05',	1,	NULL,	NULL),
(123,	1,	1,	18,	'dai\r\n',	'2015-05-12 14:47:20',	'2015-05-12 09:17:20',	1,	NULL,	NULL),
(124,	1,	1,	18,	'dai\r\n\r\n',	'2015-05-12 17:25:10',	'2015-05-12 11:55:10',	1,	NULL,	NULL),
(125,	1,	1,	18,	'Notifications count test',	'2015-05-12 17:26:41',	'2015-05-12 11:56:41',	1,	NULL,	NULL),
(126,	1,	1,	18,	'again',	'2015-05-12 17:26:41',	'2015-05-12 11:56:41',	1,	NULL,	NULL),
(127,	1,	1,	18,	'Ok',	'2015-05-12 17:27:03',	'2015-05-12 11:57:03',	1,	NULL,	NULL),
(128,	1,	1,	18,	'okokok',	'2015-05-12 17:35:24',	'2015-05-12 12:05:24',	1,	NULL,	NULL),
(129,	1,	1,	18,	'Final',	'2015-05-12 17:35:24',	'2015-05-12 12:05:24',	1,	NULL,	NULL),
(130,	1,	1,	18,	'Working :)',	'2015-05-12 17:35:24',	'2015-05-12 12:05:24',	1,	NULL,	NULL),
(131,	11,	1,	28,	'Hello Thambi!!',	'2015-05-13 03:56:36',	'2015-05-13 03:56:36',	NULL,	NULL,	NULL),
(132,	1,	1,	18,	'test',	'2015-05-15 13:14:24',	'2015-05-15 13:14:24',	NULL,	NULL,	NULL);

DROP TABLE IF EXISTS `message_threads`;
CREATE TABLE `message_threads` (
  `id` int(11) NOT NULL AUTO_INCREMENT COMMENT 'Thread ID',
  `user1` int(11) NOT NULL COMMENT 'User 1',
  `user2` int(11) NOT NULL COMMENT 'User 2',
  `created_at` timestamp NOT NULL DEFAULT CURRENT_TIMESTAMP COMMENT 'Date created',
  `updated_at` timestamp NULL DEFAULT NULL COMMENT 'Date updated',
  `archived` tinyint(4) DEFAULT NULL COMMENT 'Archived',
  PRIMARY KEY (`id`),
  KEY `user1` (`user1`),
  KEY `user2` (`user2`),
  CONSTRAINT `message_threads_ibfk_3` FOREIGN KEY (`user1`) REFERENCES `users` (`id`) ON DELETE CASCADE ON UPDATE CASCADE,
  CONSTRAINT `message_threads_ibfk_4` FOREIGN KEY (`user2`) REFERENCES `users` (`id`) ON DELETE CASCADE ON UPDATE CASCADE
) ENGINE=InnoDB DEFAULT CHARSET=latin1;

INSERT INTO `message_threads` (`id`, `user1`, `user2`, `created_at`, `updated_at`, `archived`) VALUES
(1,	1,	18,	'2015-03-21 22:59:36',	'2015-05-15 13:14:24',	NULL),
(2,	1,	4,	'2015-03-22 01:18:04',	'2015-04-03 16:16:32',	NULL),
(3,	4,	18,	'2015-03-30 11:40:18',	'2015-03-30 11:41:06',	NULL),
(4,	6,	4,	'2015-04-01 16:54:59',	'2015-04-01 16:56:07',	NULL),
(5,	1,	25,	'2015-04-02 06:33:06',	'2015-05-07 02:57:17',	NULL),
(6,	30,	1,	'2015-04-02 18:19:32',	'2015-04-05 14:53:46',	NULL),
(7,	29,	1,	'2015-04-02 18:21:48',	'2015-04-02 18:22:28',	NULL),
(8,	39,	1,	'2015-04-18 14:46:58',	'2015-04-18 15:18:46',	NULL),
(9,	57,	1,	'2015-04-19 11:21:31',	'2015-04-20 13:55:03',	NULL),
(10,	1,	65,	'2015-05-06 11:26:41',	'2015-05-12 06:52:53',	NULL),
(11,	1,	28,	'2015-05-13 03:56:36',	'2015-05-13 03:56:36',	NULL);

DROP TABLE IF EXISTS `migrations`;
CREATE TABLE `migrations` (
  `migration` varchar(255) COLLATE utf8_unicode_ci NOT NULL,
  `batch` int(11) NOT NULL
) ENGINE=InnoDB DEFAULT CHARSET=utf8 COLLATE=utf8_unicode_ci;

INSERT INTO `migrations` (`migration`, `batch`) VALUES
('2014_10_12_100000_create_password_resets_table',	1);

DROP TABLE IF EXISTS `notifications`;
CREATE TABLE `notifications` (
  `id` int(11) NOT NULL AUTO_INCREMENT COMMENT 'ID',
  `user_id` int(11) NOT NULL COMMENT 'User ID',
  `type` enum('user_connection_accept','user_connection_request','issue_comment_new','issue_comment_reply','issue_comment_helpful','issue_marked_solution','issue_handle_received','issue_handle_approved','workshop_comment_new','workshop_poll_taken','workshop_poll_finalized','workshop_new_attendee','workshop_daybefore_alert','user_joined') NOT NULL COMMENT 'Type',
  `target_url` varchar(255) NOT NULL COMMENT 'Target URL',
  `content` varchar(500) NOT NULL COMMENT 'Content',
  `read` tinyint(4) DEFAULT NULL COMMENT 'Is Read?',
  `created_at` timestamp NOT NULL DEFAULT CURRENT_TIMESTAMP ON UPDATE CURRENT_TIMESTAMP COMMENT 'Created at',
  `updated_at` timestamp NOT NULL DEFAULT '0000-00-00 00:00:00' COMMENT 'Updated at',
  PRIMARY KEY (`id`),
  KEY `user_id` (`user_id`)
) ENGINE=MyISAM DEFAULT CHARSET=latin1;

INSERT INTO `notifications` (`id`, `user_id`, `type`, `target_url`, `content`, `read`, `created_at`, `updated_at`) VALUES
(18,	38,	'user_connection_request',	'/user/msmanoj',	'Manoj Pandian Sakthivel has sent you a connection request.',	NULL,	'2015-04-30 03:50:48',	'2015-04-30 03:50:48'),
(19,	38,	'issue_handle_received',	'/issue/php-as-a-language-is-a-mess',	'<strong>Manoj Pandian Sakthivel</strong> has sent a request to handle your issue <strong>php as a language is a mess</strong>',	NULL,	'2015-04-30 03:51:16',	'2015-04-30 03:51:16'),
(17,	1,	'user_joined',	'/user/nivasravi',	'<strong>Nivas Ravichandran</strong> has now joined UASDF',	1,	'2015-05-12 16:44:33',	'2015-05-12 11:14:33'),
(3,	1,	'user_connection_request',	'/user/sivag',	'Siva Ganesh has sent you a connection request.',	1,	'2015-05-12 16:44:33',	'2015-05-12 11:14:33'),
(4,	25,	'user_connection_request',	'/user/msmanoj',	'Manoj Pandian Sakthivel has sent you a connection request.',	NULL,	'2015-04-16 14:05:46',	'2015-04-16 14:05:46'),
(5,	25,	'user_connection_accept',	'/user/sivag',	'Manoj Pandian Sakthivel has accepted your connection request.',	NULL,	'2015-04-17 05:13:59',	'2015-04-17 05:13:59'),
(6,	28,	'user_connection_request',	'/user/abul_wcse',	'Abul Hassan Anwar Hussain has sent you a connection request.',	NULL,	'2015-04-17 05:18:38',	'2015-04-17 05:18:38'),
(15,	58,	'user_connection_request',	'/user/tomkibble',	'Tom Kibble has sent you a connection request.',	NULL,	'2015-04-22 14:27:53',	'2015-04-22 14:27:53'),
(16,	59,	'user_connection_request',	'/user/msmanoj',	'Manoj Pandian Sakthivel has sent you a connection request.',	NULL,	'2015-04-22 14:38:31',	'2015-04-22 14:38:31'),
(14,	18,	'workshop_comment_new',	'/workshop/lets-collaborate',	'<strong>Manoj Pandian Sakthivel</strong> has commented on your workshop <strong>Let\'s Collaborate</strong>',	1,	'2015-05-12 17:30:14',	'2015-05-12 12:00:14'),
(9,	1,	'user_joined',	'/user/admin',	'<strong>Admin UASDF</strong> has now joined UASDF',	1,	'2015-05-13 08:40:39',	'2015-05-13 03:10:39'),
(10,	1,	'user_joined',	'/user/DivyaMahesh',	'<strong>Divya Mahesh</strong> has now joined UASDF',	1,	'2015-05-12 16:44:33',	'2015-05-12 11:14:33'),
(11,	1,	'user_joined',	'/user/madhu0703',	'<strong>Madhubala Andi</strong> has now joined UASDF',	1,	'2015-05-12 16:44:33',	'2015-05-12 11:14:33'),
(12,	1,	'user_connection_request',	'/user/srikhs',	'Saisrikanth Rathakrishnan has sent you a connection request.',	1,	'2015-05-12 16:44:33',	'2015-05-12 11:14:33'),
(13,	57,	'user_connection_accept',	'/user/srikhs',	'Manoj Pandian Sakthivel has accepted your connection request.',	NULL,	'2015-04-19 11:24:41',	'2015-04-19 11:24:41'),
(20,	1,	'user_connection_accept',	'/user/msmanoj',	'Nir Piterman has accepted your connection request.',	1,	'2015-05-12 16:44:33',	'2015-05-12 11:14:33'),
(21,	65,	'user_connection_request',	'/user/msmanoj',	'Manoj Pandian Sakthivel has sent you a connection request.',	NULL,	'2015-05-06 11:26:22',	'2015-05-06 11:26:22'),
(22,	1,	'user_connection_accept',	'/user/msmanoj',	'Praveen Purushothaman has accepted your connection request.',	1,	'2015-05-12 16:44:33',	'2015-05-12 11:14:33'),
(23,	69,	'issue_handle_received',	'/issue/hadoop-big-data',	'<strong>Manoj Pandian Sakthivel</strong> has sent a request to handle your issue <strong>Hadoop big data</strong>',	NULL,	'2015-05-13 03:48:52',	'2015-05-13 03:48:52'),
(24,	28,	'user_connection_request',	'/user/msmanoj',	'Manoj Pandian Sakthivel has sent you a connection request.',	NULL,	'2015-05-13 03:56:25',	'2015-05-13 03:56:25'),
(25,	58,	'user_connection_request',	'/user/msmanoj',	'Manoj Pandian Sakthivel has sent you a connection request.',	NULL,	'2015-05-14 06:35:55',	'2015-05-14 06:35:55'),
(26,	1,	'user_joined',	'/user/ashoklogu',	'<strong>Ashokkumar Loganath</strong> has now joined UASDF',	1,	'2015-05-15 15:19:30',	'2015-05-15 09:49:30');

DROP TABLE IF EXISTS `password_resets`;
CREATE TABLE `password_resets` (
  `email` varchar(255) COLLATE utf8_unicode_ci NOT NULL,
  `token` varchar(255) COLLATE utf8_unicode_ci NOT NULL,
  `created_at` timestamp NOT NULL DEFAULT '0000-00-00 00:00:00',
  KEY `password_resets_email_index` (`email`),
  KEY `password_resets_token_index` (`token`)
) ENGINE=InnoDB DEFAULT CHARSET=utf8 COLLATE=utf8_unicode_ci;


DROP TABLE IF EXISTS `place`;
CREATE TABLE `place` (
  `id` int(11) NOT NULL AUTO_INCREMENT COMMENT 'ID',
  `establishment` varchar(100) DEFAULT NULL COMMENT 'Name',
  `formatted_address` varchar(255) DEFAULT NULL COMMENT 'Address',
  `postal_code` varchar(20) DEFAULT NULL,
  `sublocality_level_2` varchar(20) DEFAULT NULL,
  `sublocality_level_1` varchar(50) DEFAULT NULL,
  `sublocality` varchar(50) DEFAULT NULL,
  `locality` varchar(50) DEFAULT NULL,
  `administrative_area_level_1` varchar(50) DEFAULT NULL,
  `country` varchar(50) DEFAULT NULL,
  `lat` float(10,6) NOT NULL COMMENT 'Latitude',
  `lng` float(10,6) NOT NULL COMMENT 'Longitude',
  `for` enum('user','issue','workshop') NOT NULL COMMENT 'For',
  `for_id` varchar(11) NOT NULL COMMENT 'For ID',
  `user_id` int(11) DEFAULT NULL COMMENT 'User ID',
  `issue_id` int(11) DEFAULT NULL COMMENT 'Issue ID',
  `workshop_id` int(11) DEFAULT NULL COMMENT 'Workshop ID',
  `primary` tinyint(4) DEFAULT NULL,
  PRIMARY KEY (`id`),
  KEY `user_id` (`user_id`),
  KEY `issue_id` (`issue_id`),
  KEY `workshop_id` (`workshop_id`),
  CONSTRAINT `place_ibfk_4` FOREIGN KEY (`user_id`) REFERENCES `users` (`id`) ON DELETE CASCADE ON UPDATE CASCADE,
  CONSTRAINT `place_ibfk_5` FOREIGN KEY (`workshop_id`) REFERENCES `workshops` (`id`) ON DELETE CASCADE ON UPDATE CASCADE,
  CONSTRAINT `place_ibfk_6` FOREIGN KEY (`issue_id`) REFERENCES `issues` (`id`) ON DELETE CASCADE ON UPDATE CASCADE
) ENGINE=InnoDB DEFAULT CHARSET=latin1;

INSERT INTO `place` (`id`, `establishment`, `formatted_address`, `postal_code`, `sublocality_level_2`, `sublocality_level_1`, `sublocality`, `locality`, `administrative_area_level_1`, `country`, `lat`, `lng`, `for`, `for_id`, `user_id`, `issue_id`, `workshop_id`, `primary`) VALUES
(2,	NULL,	'Leicester, Leicester, Leicester LE2 1QG, UK',	'LE2 1QG',	NULL,	NULL,	NULL,	'Leicester',	NULL,	'United Kingdom',	52.626476,	-1.116451,	'user',	'1',	1,	NULL,	NULL,	1),
(16,	'Jeppiaar Engineering College',	'Jeppiaar Engineering College, Old Mahabalipuram Road, Semmancheri, Chennai, Tamil Nadu 600119, India',	'600119',	NULL,	NULL,	NULL,	'Chennai',	'Tamil Nadu',	'India',	12.868647,	80.221092,	'user',	'1',	1,	NULL,	NULL,	NULL),
(32,	'University of Leicester - Freemen\'s Common',	'University of Leicester - Freemen\'s Common, A5199, Leicester, Leicester LE2 6BF, UK',	'LE2 6BF',	NULL,	NULL,	NULL,	'Leicester',	'England',	'United Kingdom',	52.618458,	-1.128228,	'user',	'6',	6,	NULL,	NULL,	1),
(33,	NULL,	'Maharashtra 416003, India',	'416003',	NULL,	NULL,	NULL,	NULL,	'Maharashtra',	'India',	16.713690,	74.232605,	'user',	'6',	6,	NULL,	NULL,	1),
(34,	NULL,	'Mahalaxmi Mandir, Wangi Bol, C Ward, Kolhapur, Maharashtra 416012, India',	'416012',	NULL,	'C Ward',	NULL,	'Kolhapur',	'Maharashtra',	'India',	16.694662,	74.222389,	'user',	'6',	6,	NULL,	NULL,	NULL),
(36,	'Jawaharlal Nehru Medical College',	'Jawaharlal Nehru Medical College, Belagavi, Karnataka 590010, India',	'590010',	NULL,	NULL,	NULL,	'Belagavi',	'Karnataka',	'India',	15.883344,	74.517792,	'user',	'6',	6,	NULL,	NULL,	NULL),
(37,	'KLS Gogte Institute Of Technology',	'KLS Gogte Institute Of Technology, Udyambag Industrial Area, Udyambag, Belagavi, Karnataka 590008, India',	'590008',	'Udyambag Industrial ',	'Udyambag',	NULL,	'Belagavi',	'Karnataka',	'India',	15.814980,	74.487366,	'user',	'6',	6,	NULL,	NULL,	NULL),
(39,	NULL,	'Chennai, Tamil Nadu 600028, India',	'600028',	NULL,	NULL,	NULL,	'Chennai',	'Tamil Nadu',	'India',	13.022302,	80.259140,	'workshop',	'8',	NULL,	NULL,	8,	1),
(46,	'University of Leicester',	'University of Leicester, University Road, Leicester, Leicester LE1 7RH, UK',	'LE1 7RH',	NULL,	NULL,	NULL,	'Leicester',	NULL,	'United Kingdom',	52.621140,	-1.124632,	'user',	'18',	18,	NULL,	NULL,	1),
(48,	NULL,	'Dubai - Dubai - United Arab Emirates',	NULL,	NULL,	NULL,	NULL,	'Dubai',	'Dubai',	'United Arab Emirates',	25.204849,	55.270782,	'issue',	'16',	NULL,	16,	NULL,	1),
(52,	NULL,	'Chennai, Tamil Nadu 600028, India',	'600028',	NULL,	NULL,	NULL,	'Chennai',	'Tamil Nadu',	'India',	13.022302,	80.259140,	'workshop',	'16',	NULL,	NULL,	16,	1),
(57,	'University of Leicester',	'University of Leicester, University Road, Leicester, Leicester LE1 7RH, UK',	'LE1 7RH',	NULL,	NULL,	NULL,	'Leicester',	NULL,	'United Kingdom',	52.621140,	-1.124632,	'user',	'4',	4,	NULL,	NULL,	1),
(58,	'University of Leicester',	'University of Leicester, University Road, Leicester, Leicester LE1 7RH, UK',	'LE1 7RH',	NULL,	NULL,	NULL,	'Leicester',	NULL,	'United Kingdom',	52.621140,	-1.124632,	'workshop',	'8',	NULL,	NULL,	8,	NULL),
(60,	NULL,	'Leicester, Leicester, Leicester LE2 1FH, UK',	'LE2 1FH',	NULL,	NULL,	NULL,	'Leicester',	NULL,	'United Kingdom',	52.627693,	-1.116707,	'workshop',	'16',	NULL,	NULL,	16,	NULL),
(61,	NULL,	'Leicester, Leicester, Leicester LE2 1QG, UK',	'LE2 1QG',	NULL,	NULL,	NULL,	'Leicester',	NULL,	'United Kingdom',	52.626476,	-1.116451,	'workshop',	'16',	NULL,	NULL,	16,	NULL),
(62,	NULL,	'Leicester, Leicester, Leicester LE2 1FH, UK',	'LE2 1FH',	NULL,	NULL,	NULL,	'Leicester',	NULL,	'United Kingdom',	52.627693,	-1.116707,	'user',	'18',	18,	NULL,	NULL,	NULL),
(64,	NULL,	'Leicester, Leicester, UK',	NULL,	NULL,	NULL,	NULL,	'Leicester',	'England',	'United Kingdom',	52.636879,	-1.139759,	'user',	'23',	23,	NULL,	NULL,	1),
(65,	NULL,	'Chennai, Tamil Nadu, India',	NULL,	NULL,	NULL,	NULL,	'Chennai',	'Tamil Nadu',	'India',	13.082680,	80.270721,	'user',	'24',	24,	NULL,	NULL,	1),
(66,	NULL,	'Bengaluru, Karnataka, India',	NULL,	NULL,	NULL,	NULL,	'Bengaluru',	'Karnataka',	'India',	12.971599,	77.594566,	'user',	'25',	25,	NULL,	NULL,	1),
(67,	NULL,	'Chennai, Tamil Nadu 600013, India',	'600013',	NULL,	NULL,	NULL,	'Chennai',	'Tamil Nadu',	'India',	13.113842,	80.294464,	'user',	'26',	26,	NULL,	NULL,	1),
(68,	NULL,	'4 Churchill Street, Leicester, Leicester LE2 1FH, UK',	'LE2 1FH',	NULL,	NULL,	NULL,	'Leicester',	NULL,	'United Kingdom',	52.627693,	-1.116707,	'user',	'27',	27,	NULL,	NULL,	1),
(69,	NULL,	'Leicester, Leicester, UK',	NULL,	NULL,	NULL,	NULL,	'Leicester',	'England',	'United Kingdom',	52.636879,	-1.139759,	'user',	'28',	28,	NULL,	NULL,	1),
(70,	NULL,	'Leicester, Leicester, UK',	NULL,	NULL,	NULL,	NULL,	'Leicester',	'England',	'United Kingdom',	52.636879,	-1.139759,	'user',	'29',	29,	NULL,	NULL,	1),
(71,	NULL,	'Leicester, Leicester, UK',	NULL,	NULL,	NULL,	NULL,	'Leicester',	'England',	'United Kingdom',	52.636879,	-1.139759,	'user',	'30',	30,	NULL,	NULL,	1),
(72,	NULL,	'Coimbatore, Tamil Nadu, India',	NULL,	NULL,	NULL,	NULL,	'Coimbatore',	'Tamil Nadu',	'India',	11.016844,	76.955833,	'user',	'30',	30,	NULL,	NULL,	NULL),
(75,	NULL,	'Leicester, Leicester, UK',	NULL,	NULL,	NULL,	NULL,	'Leicester',	'England',	'United Kingdom',	52.636879,	-1.139759,	'user',	'31',	31,	NULL,	NULL,	1),
(76,	NULL,	'London, UK',	NULL,	NULL,	NULL,	NULL,	'London',	NULL,	'United Kingdom',	51.507351,	-0.127758,	'user',	'32',	32,	NULL,	NULL,	1),
(77,	NULL,	'United Kingdom',	NULL,	NULL,	NULL,	NULL,	NULL,	NULL,	'United Kingdom',	55.378052,	-3.435973,	'user',	'33',	33,	NULL,	NULL,	1),
(79,	NULL,	'Derby, Derby, UK',	NULL,	NULL,	NULL,	NULL,	'Derby',	'England',	'United Kingdom',	52.922531,	-1.474619,	'user',	'34',	34,	NULL,	NULL,	1),
(81,	NULL,	'United Kingdom',	NULL,	NULL,	NULL,	NULL,	NULL,	NULL,	'United Kingdom',	55.378052,	-3.435973,	'user',	'36',	36,	NULL,	NULL,	1),
(82,	NULL,	'Leicester, Leicester, UK',	NULL,	NULL,	NULL,	NULL,	'Leicester',	'England',	'United Kingdom',	52.636879,	-1.139759,	'user',	'37',	37,	NULL,	NULL,	1),
(83,	'University of Leicester',	'University of Leicester, University Road, Leicester, Leicester LE1 7RH, UK',	'LE1 7RH',	NULL,	NULL,	NULL,	'Leicester',	NULL,	'United Kingdom',	52.621140,	-1.124632,	'user',	'38',	38,	NULL,	NULL,	1),
(84,	NULL,	'Chennai, Tamil Nadu, India',	NULL,	NULL,	NULL,	NULL,	'Chennai',	'Tamil Nadu',	'India',	13.082680,	80.270721,	'user',	'39',	39,	NULL,	NULL,	1),
(85,	NULL,	'Singapore',	NULL,	NULL,	NULL,	NULL,	NULL,	NULL,	'Singapore',	1.352083,	103.819839,	'user',	'40',	40,	NULL,	NULL,	1),
(101,	NULL,	'India',	NULL,	NULL,	NULL,	NULL,	NULL,	NULL,	'India',	20.593683,	78.962883,	'user',	'56',	56,	NULL,	NULL,	1),
(102,	NULL,	'Chennai, Tamil Nadu, India',	NULL,	NULL,	NULL,	NULL,	'Chennai',	'Tamil Nadu',	'India',	13.082680,	80.270721,	'user',	'57',	57,	NULL,	NULL,	1),
(103,	NULL,	'Chennai, Tamil Nadu, India',	NULL,	NULL,	NULL,	NULL,	'Chennai',	'Tamil Nadu',	'India',	13.082680,	80.270721,	'issue',	'20',	NULL,	20,	NULL,	1),
(104,	NULL,	'United Kingdom',	NULL,	NULL,	NULL,	NULL,	NULL,	NULL,	'United Kingdom',	55.378052,	-3.435973,	'user',	'58',	58,	NULL,	NULL,	1),
(105,	NULL,	'India',	NULL,	NULL,	NULL,	NULL,	NULL,	NULL,	'India',	20.593683,	78.962883,	'user',	'58',	58,	NULL,	NULL,	NULL),
(107,	NULL,	'Sivakasi, Tamil Nadu, India',	NULL,	NULL,	NULL,	NULL,	'Sivakasi',	'Tamil Nadu',	'India',	9.450000,	77.800003,	'user',	'60',	60,	NULL,	NULL,	1),
(108,	NULL,	'Szigetmonostor, 2015 Hungary',	'2015',	NULL,	NULL,	NULL,	'Szigetmonostor',	'Pest County',	'Hungary',	47.648129,	19.102871,	'issue',	'21',	NULL,	21,	NULL,	1),
(109,	NULL,	'India',	NULL,	NULL,	NULL,	NULL,	NULL,	NULL,	'India',	20.593683,	78.962883,	'user',	'61',	61,	NULL,	NULL,	1),
(110,	NULL,	'India',	NULL,	NULL,	NULL,	NULL,	NULL,	NULL,	'India',	20.593683,	78.962883,	'user',	'62',	62,	NULL,	NULL,	1),
(111,	NULL,	'Royapuram, Chennai, Tamil Nadu, India',	NULL,	NULL,	'Royapuram',	NULL,	'Chennai',	'Tamil Nadu',	'India',	13.113555,	80.296127,	'user',	'5',	5,	NULL,	NULL,	1),
(112,	NULL,	'Chennai, Tamil Nadu 600013, India',	'600013',	NULL,	NULL,	NULL,	'Chennai',	'Tamil Nadu',	'India',	13.113842,	80.294464,	'user',	'7',	7,	NULL,	NULL,	1),
(113,	NULL,	'Chennai, Tamil Nadu, India',	NULL,	NULL,	NULL,	NULL,	'Chennai',	'Tamil Nadu',	'India',	13.082680,	80.270721,	'user',	'63',	63,	NULL,	NULL,	1),
(114,	NULL,	'T.Nagar, Chennai, Tamil Nadu, India',	NULL,	NULL,	'T.Nagar',	NULL,	'Chennai',	'Tamil Nadu',	'India',	13.040503,	80.233688,	'user',	'5',	5,	NULL,	NULL,	NULL),
(116,	NULL,	'India',	NULL,	NULL,	NULL,	NULL,	NULL,	NULL,	'India',	20.593683,	78.962883,	'user',	'64',	64,	NULL,	NULL,	1),
(117,	NULL,	'Leicester, Leicester, Leicester LE2 1QG, UK',	'LE2 1QG',	NULL,	NULL,	NULL,	'Leicester',	NULL,	'United Kingdom',	52.626476,	-1.116451,	'issue',	'22',	NULL,	22,	NULL,	1),
(118,	NULL,	'Chennai, Tamil Nadu, India',	NULL,	NULL,	NULL,	NULL,	'Chennai',	'Tamil Nadu',	'India',	13.082680,	80.270721,	'issue',	'22',	NULL,	22,	NULL,	NULL),
(119,	'University of Leicester',	'University of Leicester, University Road, Leicester, Leicester LE1 7RH, UK',	'LE1 7RH',	NULL,	NULL,	NULL,	'Leicester',	NULL,	'United Kingdom',	52.621140,	-1.124632,	'issue',	'23',	NULL,	23,	NULL,	1),
(120,	NULL,	'United Kingdom',	NULL,	NULL,	NULL,	NULL,	NULL,	NULL,	'United Kingdom',	55.378052,	-3.435973,	'workshop',	'20',	NULL,	NULL,	20,	1),
(121,	NULL,	'Leicester, Leicester, Leicester LE2 1QG, UK',	'LE2 1QG',	NULL,	NULL,	NULL,	'Leicester',	NULL,	'United Kingdom',	52.626476,	-1.116451,	'issue',	'24',	NULL,	24,	NULL,	1),
(122,	NULL,	'Leicester, Leicester, UK',	NULL,	NULL,	NULL,	NULL,	'Leicester',	'England',	'United Kingdom',	52.636879,	-1.139759,	'user',	'65',	65,	NULL,	NULL,	1),
(126,	NULL,	'Leicester, Leicester, UK',	NULL,	NULL,	NULL,	NULL,	'Leicester',	'England',	'United Kingdom',	52.636879,	-1.139759,	'user',	'69',	69,	NULL,	NULL,	1),
(127,	NULL,	'Leicester, Leicester, UK',	NULL,	NULL,	NULL,	NULL,	'Leicester',	'England',	'United Kingdom',	52.636879,	-1.139759,	'issue',	'25',	NULL,	25,	NULL,	1),
(128,	NULL,	'United Arab Emirates',	NULL,	NULL,	NULL,	NULL,	NULL,	NULL,	'United Arab Emirates',	23.424076,	53.847816,	'user',	'70',	70,	NULL,	NULL,	1),
(129,	NULL,	'Leicester, Leicester, UK',	NULL,	NULL,	NULL,	NULL,	'Leicester',	'England',	'United Kingdom',	52.636879,	-1.139759,	'user',	'71',	71,	NULL,	NULL,	1),
(130,	NULL,	'London, UK',	NULL,	NULL,	NULL,	NULL,	'London',	NULL,	'United Kingdom',	51.507351,	-0.127758,	'user',	'71',	71,	NULL,	NULL,	NULL),
(131,	NULL,	'Chennai, Tamil Nadu, India',	NULL,	NULL,	NULL,	NULL,	'Chennai',	'Tamil Nadu',	'India',	13.082680,	80.270721,	'user',	'72',	72,	NULL,	NULL,	1),
(132,	NULL,	'Leicester, Leicester, Leicester LE2 1QG, UK',	'LE2 1QG',	NULL,	NULL,	NULL,	'Leicester',	NULL,	'United Kingdom',	52.626476,	-1.116451,	'workshop',	'21',	NULL,	NULL,	21,	1),
(133,	NULL,	'Leicester, Leicester, Leicester LE2 1QG, UK',	'LE2 1QG',	NULL,	NULL,	NULL,	'Leicester',	NULL,	'United Kingdom',	52.626476,	-1.116451,	'workshop',	'22',	NULL,	NULL,	22,	1);

DROP TABLE IF EXISTS `search`;
CREATE TABLE `search` (
  `id` int(11) NOT NULL AUTO_INCREMENT COMMENT 'ID',
  `actual` varchar(50) DEFAULT NULL COMMENT 'Original',
  `stemmed` varchar(50) NOT NULL COMMENT 'Stemmed',
  `type` enum('for_set1','for_Set2','for_set3','for_set4','type_set1','type_set2','level_set1','level_set2','general','skill','location') DEFAULT NULL COMMENT 'Type',
  `similar` varchar(100) DEFAULT NULL COMMENT 'Similar Tags',
  PRIMARY KEY (`id`)
) ENGINE=MyISAM DEFAULT CHARSET=latin1;

INSERT INTO `search` (`id`, `actual`, `stemmed`, `type`, `similar`) VALUES
(1,	NULL,	'peopl',	'for_set1',	NULL),
(2,	NULL,	'student',	'for_set1',	NULL),
(3,	NULL,	'professional',	'for_set1',	NULL),
(4,	NULL,	'who',	'for_set1',	NULL),
(5,	NULL,	'people',	'for_set1',	NULL),
(6,	NULL,	'connection',	'for_Set2',	NULL),
(7,	NULL,	'friend',	'for_Set2',	NULL),
(8,	NULL,	'issu',	'for_set3',	NULL),
(9,	NULL,	'issue',	'for_set3',	NULL),
(10,	NULL,	'case',	'for_set3',	NULL),
(11,	NULL,	'problem',	'for_set3',	NULL),
(12,	NULL,	'question',	'for_set3',	NULL),
(13,	NULL,	'class',	'for_set4',	NULL),
(14,	NULL,	'workshop',	'for_set4',	NULL),
(15,	NULL,	'lesson',	'for_set4',	NULL),
(16,	NULL,	'teach',	'type_set1',	NULL),
(17,	NULL,	'know',	'type_set1',	NULL),
(18,	NULL,	'skill',	'type_set1',	NULL),
(19,	NULL,	'learn',	'type_set2',	NULL),
(20,	NULL,	'interest',	'type_set2',	NULL),
(21,	NULL,	'help',	'type_set2',	NULL),
(22,	NULL,	'support',	'type_set2',	NULL),
(23,	NULL,	'expert',	'level_set1',	NULL),
(24,	NULL,	'intermediate',	'level_set1',	NULL),
(25,	NULL,	'beginner',	'level_set1',	NULL),
(26,	NULL,	'novice',	'level_set1',	NULL),
(27,	NULL,	'good',	'level_set2',	NULL),
(28,	NULL,	'well',	'level_set2',	NULL),
(29,	NULL,	'was',	'general',	NULL),
(30,	NULL,	'well',	'general',	NULL),
(31,	NULL,	'near',	'general',	NULL),
(32,	NULL,	'me',	'general',	NULL),
(33,	NULL,	'can',	'general',	NULL),
(34,	NULL,	'I',	'general',	NULL),
(35,	NULL,	'want',	'general',	NULL),
(36,	NULL,	'to',	'general',	NULL),
(37,	NULL,	'name',	'general',	NULL),
(38,	'language',	'languag',	'general',	NULL),
(106,	'multi',	'multi',	NULL,	NULL),
(46,	'biomedical device',	'biomedic',	'skill',	NULL),
(105,	'biomed',	'biom',	NULL,	NULL),
(107,	'disciplinary',	'disciplinary',	NULL,	NULL),
(112,	'programming',	'program',	'skill',	NULL),
(111,	'with',	'with',	NULL,	NULL),
(109,	'leicester',	'leicester',	NULL,	NULL),
(108,	'technology',	'technology',	'skill',	NULL),
(104,	'users',	'user',	'for_set1',	NULL);

DROP TABLE IF EXISTS `tags`;
CREATE TABLE `tags` (
  `id` int(11) NOT NULL AUTO_INCREMENT COMMENT 'ID',
  `tag` varchar(50) NOT NULL COMMENT 'Tag',
  `tag_type` enum('skill','learn') NOT NULL COMMENT 'Tag type',
  `for` enum('user','issue','workshop') NOT NULL COMMENT 'For',
  `for_id` int(15) NOT NULL COMMENT 'For ID',
  `level` enum('1','2','3','4') NOT NULL COMMENT 'Level',
  `user_id` int(11) DEFAULT NULL,
  `issue_id` int(11) DEFAULT NULL,
  `workshop_id` int(11) DEFAULT NULL,
  PRIMARY KEY (`id`),
  KEY `user_id` (`user_id`),
  KEY `issue_id` (`issue_id`),
  KEY `workshop_id` (`workshop_id`),
  CONSTRAINT `tags_ibfk_4` FOREIGN KEY (`user_id`) REFERENCES `users` (`id`) ON DELETE CASCADE ON UPDATE CASCADE,
  CONSTRAINT `tags_ibfk_5` FOREIGN KEY (`issue_id`) REFERENCES `issues` (`id`) ON DELETE CASCADE ON UPDATE CASCADE,
  CONSTRAINT `tags_ibfk_6` FOREIGN KEY (`workshop_id`) REFERENCES `workshops` (`id`) ON DELETE CASCADE ON UPDATE CASCADE
) ENGINE=InnoDB DEFAULT CHARSET=latin1 COMMENT='Tags';

INSERT INTO `tags` (`id`, `tag`, `tag_type`, `for`, `for_id`, `level`, `user_id`, `issue_id`, `workshop_id`) VALUES
(2,	'Teaching',	'skill',	'user',	4,	'1',	4,	NULL,	NULL),
(5,	'Python',	'skill',	'workshop',	8,	'1',	NULL,	NULL,	8),
(6,	'PHP',	'skill',	'workshop',	8,	'1',	NULL,	NULL,	8),
(7,	'PHP',	'learn',	'user',	18,	'4',	18,	NULL,	NULL),
(8,	'HTML',	'skill',	'user',	18,	'1',	18,	NULL,	NULL),
(9,	'CSS',	'learn',	'user',	18,	'1',	18,	NULL,	NULL),
(10,	'Marine',	'skill',	'user',	24,	'1',	24,	NULL,	NULL),
(11,	'PHP',	'skill',	'user',	27,	'1',	27,	NULL,	NULL),
(12,	'MySQL',	'skill',	'user',	27,	'1',	27,	NULL,	NULL),
(13,	'HTML',	'skill',	'user',	27,	'1',	27,	NULL,	NULL),
(14,	'Java',	'skill',	'user',	28,	'1',	28,	NULL,	NULL),
(15,	'JavaScript',	'skill',	'user',	28,	'1',	28,	NULL,	NULL),
(16,	'ASP',	'skill',	'user',	28,	'1',	28,	NULL,	NULL),
(17,	'PHP',	'skill',	'user',	29,	'4',	29,	NULL,	NULL),
(19,	'C++',	'skill',	'user',	29,	'1',	29,	NULL,	NULL),
(20,	'C#',	'skill',	'user',	30,	'3',	30,	NULL,	NULL),
(21,	'.NET',	'skill',	'user',	30,	'3',	30,	NULL,	NULL),
(22,	'ASP.NET',	'skill',	'user',	30,	'1',	30,	NULL,	NULL),
(24,	'PHP',	'skill',	'user',	30,	'3',	30,	NULL,	NULL),
(27,	'java',	'learn',	'user',	30,	'1',	30,	NULL,	NULL),
(28,	'Java',	'skill',	'user',	29,	'1',	29,	NULL,	NULL),
(29,	'PHP',	'learn',	'user',	30,	'1',	30,	NULL,	NULL),
(30,	'Selenium',	'skill',	'user',	18,	'3',	18,	NULL,	NULL),
(31,	'Oracle',	'skill',	'user',	31,	'4',	31,	NULL,	NULL),
(32,	'SQL',	'skill',	'user',	31,	'4',	31,	NULL,	NULL),
(33,	'PhoneGap',	'learn',	'user',	1,	'1',	1,	NULL,	NULL),
(34,	'Bootstrap',	'skill',	'user',	1,	'4',	1,	NULL,	NULL),
(35,	'Computer',	'skill',	'user',	1,	'3',	1,	NULL,	NULL),
(42,	'R Programming',	'skill',	'user',	56,	'3',	56,	NULL,	NULL),
(43,	'Julia',	'skill',	'user',	56,	'3',	56,	NULL,	NULL),
(44,	'Discrete Event Simulation',	'learn',	'user',	56,	'1',	56,	NULL,	NULL),
(45,	'Statistics',	'skill',	'user',	56,	'4',	56,	NULL,	NULL),
(46,	'PHP',	'skill',	'user',	57,	'4',	57,	NULL,	NULL),
(47,	'MySQL',	'skill',	'user',	57,	'4',	57,	NULL,	NULL),
(48,	'SQL Server (Microsoft)',	'skill',	'user',	57,	'3',	57,	NULL,	NULL),
(49,	'Python',	'skill',	'user',	57,	'3',	57,	NULL,	NULL),
(50,	'C#',	'skill',	'user',	57,	'3',	57,	NULL,	NULL),
(51,	'Wordpress',	'skill',	'user',	57,	'3',	57,	NULL,	NULL),
(52,	'PHP',	'skill',	'user',	58,	'4',	58,	NULL,	NULL),
(53,	'HTML',	'skill',	'user',	58,	'4',	58,	NULL,	NULL),
(54,	'CSS',	'skill',	'user',	58,	'4',	58,	NULL,	NULL),
(55,	'JavaScript',	'skill',	'user',	58,	'4',	58,	NULL,	NULL),
(56,	'MySQL',	'skill',	'user',	58,	'3',	58,	NULL,	NULL),
(57,	'Adobe Illustrator',	'skill',	'user',	36,	'3',	36,	NULL,	NULL),
(58,	'Adobe Photoshop',	'skill',	'user',	36,	'2',	36,	NULL,	NULL),
(59,	'Glyphs',	'skill',	'user',	36,	'3',	36,	NULL,	NULL),
(62,	'Laravel',	'skill',	'user',	25,	'4',	25,	NULL,	NULL),
(63,	'PHP',	'skill',	'user',	25,	'4',	25,	NULL,	NULL),
(64,	'Data Science',	'learn',	'user',	25,	'1',	25,	NULL,	NULL),
(65,	'node js',	'learn',	'user',	29,	'1',	29,	NULL,	NULL),
(66,	'Java',	'skill',	'user',	1,	'3',	1,	NULL,	NULL),
(67,	'MySQL',	'skill',	'user',	25,	'4',	25,	NULL,	NULL),
(68,	'Nothing',	'learn',	'user',	25,	'3',	25,	NULL,	NULL),
(69,	'PHP',	'skill',	'user',	37,	'3',	37,	NULL,	NULL),
(70,	'MySQL',	'skill',	'user',	37,	'3',	37,	NULL,	NULL),
(71,	'C++',	'skill',	'user',	38,	'3',	38,	NULL,	NULL),
(72,	'Multi disciplinary technology R&D',	'skill',	'user',	64,	'4',	64,	NULL,	NULL),
(73,	'Semantics',	'skill',	'issue',	22,	'3',	NULL,	22,	NULL),
(74,	'Graph Search',	'skill',	'issue',	22,	'3',	NULL,	22,	NULL),
(75,	'PHP',	'skill',	'issue',	23,	'4',	NULL,	23,	NULL),
(76,	'PHP',	'skill',	'issue',	24,	'',	NULL,	24,	NULL),
(77,	'MySQL',	'skill',	'issue',	24,	'',	NULL,	24,	NULL),
(78,	'HTML',	'skill',	'issue',	24,	'',	NULL,	24,	NULL),
(79,	'CSS',	'skill',	'issue',	24,	'',	NULL,	24,	NULL),
(81,	'JavaScript',	'learn',	'user',	1,	'3',	1,	NULL,	NULL),
(82,	'JavaScript',	'skill',	'user',	1,	'3',	1,	NULL,	NULL),
(83,	'Wordpress',	'skill',	'user',	1,	'4',	1,	NULL,	NULL),
(84,	'Magento',	'learn',	'user',	1,	'2',	1,	NULL,	NULL),
(85,	'CSS',	'learn',	'user',	1,	'2',	1,	NULL,	NULL),
(86,	'PHP',	'skill',	'user',	1,	'3',	1,	NULL,	NULL),
(87,	'MySQL',	'skill',	'user',	1,	'3',	1,	NULL,	NULL),
(88,	'PHP',	'skill',	'user',	65,	'4',	NULL,	NULL,	NULL),
(89,	'hadoop big data',	'learn',	'user',	69,	'1',	NULL,	NULL,	NULL),
(90,	'PHP',	'skill',	'user',	71,	'2',	71,	NULL,	NULL),
(91,	'ORACLE DBA',	'skill',	'user',	72,	'3',	NULL,	NULL,	NULL),
(92,	'PLSQL',	'learn',	'user',	72,	'1',	NULL,	NULL,	NULL),
(93,	'HTML',	'skill',	'issue',	16,	'3',	NULL,	16,	NULL);

DROP TABLE IF EXISTS `users`;
CREATE TABLE `users` (
  `id` int(11) NOT NULL AUTO_INCREMENT COMMENT 'ID',
  `username` varchar(50) DEFAULT NULL COMMENT 'Username',
  `role` enum('regular','volunteer','admin') NOT NULL DEFAULT 'regular' COMMENT 'Role',
  `phone` varchar(25) DEFAULT NULL COMMENT 'Phone',
  `first_name` varchar(30) DEFAULT NULL COMMENT 'First name',
  `last_name` varchar(30) DEFAULT NULL COMMENT 'Last name',
  `email` varchar(50) DEFAULT NULL COMMENT 'Email',
  `email_verified` tinyint(4) DEFAULT NULL COMMENT 'Email verified?',
  `password` varchar(255) DEFAULT NULL COMMENT 'Password',
  `membership` varchar(30) DEFAULT NULL COMMENT 'Membership',
  `image_name` varchar(255) DEFAULT NULL COMMENT 'Image name',
  `newsletter` tinyint(4) DEFAULT '1' COMMENT 'Newsletter',
  `created_at` timestamp NULL DEFAULT CURRENT_TIMESTAMP COMMENT 'Date created',
  `updated_at` timestamp NULL DEFAULT NULL COMMENT 'Date updated',
  `remember_token` varchar(100) DEFAULT NULL COMMENT 'Remember token',
  `activation_code` varchar(50) DEFAULT NULL COMMENT 'Activation code',
  PRIMARY KEY (`id`)
) ENGINE=InnoDB DEFAULT CHARSET=latin1;

INSERT INTO `users` (`id`, `username`, `role`, `phone`, `first_name`, `last_name`, `email`, `email_verified`, `password`, `membership`, `image_name`, `newsletter`, `created_at`, `updated_at`, `remember_token`, `activation_code`) VALUES
(1,	'msmanoj',	'admin',	'950000222',	'Manoj Pandian',	'Sakthivel',	'msmanojpandian@gmail.com',	1,	'$2y$10$15v6lUPmkfk1q2xnhFTxjenwNWos25BnLm729NSTLpyIME.FUJQiG',	NULL,	'1_1428339587.jpeg',	1,	'2015-02-16 13:21:23',	'2015-05-15 07:57:46',	'IOQEKBnPYtnoG63ZIjzvOCp7cR2HkOw9g4eloMKU5Yw9yLczI5rwZsbcsuDf',	NULL),
(4,	'pachaikani',	'regular',	'8056252149',	'Pachaikani',	'Sakthivel',	'pachaikani@uasdf.com',	1,	'$2y$10$Spe6aAnFYZWKBCesKRJbO..BBSGX5M2/y7Sjk0sNW2d2Py3Lwrfm.',	NULL,	'4_1425297228.jpeg',	1,	'2015-02-25 14:07:16',	'2015-02-25 14:07:16',	NULL,	NULL),
(5,	'MaluAsvin',	'regular',	'',	'Manimala',	'Ashwin',	's.manimala5@gmail.com',	1,	'$2y$10$1tkU5XHcS71O4KtAFgdwLuxPk3/b5P6fRlr9o79Xm3VlIq.6.M2JG',	NULL,	NULL,	1,	'2015-02-26 22:57:09',	'2015-02-26 22:57:09',	NULL,	NULL),
(6,	'anupamadoijad',	'regular',	'07404550772',	'Anupama',	'Doijad',	'anupamadoijad@gmail.com',	1,	'$2y$10$B/KxfkLni4w8GUOyNyJhOOuojTgAKe30wMfdkBVfc9L3KlhjwU652',	NULL,	'6_1425239883.jpeg',	1,	'2015-03-01 19:56:21',	'2015-03-06 20:10:07',	'95ly44qKxewN6MnrPbuFWjl8L34j2kQRa1K4P5FpFMVnjDkI2G4VQbfHuKdP',	NULL),
(7,	'sakthivel',	'regular',	'2342',	'Sakthivel',	'Mariyappan',	'mps25@student.le.ac.uk',	1,	'$2y$10$i6/APQwx2SuSlPYlBsDue.qqwVnN1giGyoQcvR9dzn/NsnYX1YDuy',	NULL,	NULL,	1,	'2015-03-03 12:10:23',	'2015-03-03 12:10:23',	NULL,	NULL),
(18,	'vineethaa14',	'regular',	'+447448959998',	'Vineethaa',	'Thyagarajan',	'vineethaa14@gmail.com',	1,	'$2y$10$lEmc.EHNMVYSoqLZ5E85m.PvFymV8KccbYqelRVckFRr62SKezGTO',	NULL,	'18_1429298118.jpeg',	1,	'2015-03-03 17:31:51',	'2015-04-17 13:08:22',	'PkDIKgZJHXme3SyFDkWzudRPS6c65Y9R4HfTnCgaPIuhrc13fNG5UIQpwT3y',	'FW8JafaoagxhmNhtcQwsaWdxIb7NCt'),
(23,	'Daxini',	'regular',	'',	'Rajiv',	'Daxini',	'rajivdaxini@msn.com',	1,	'$2y$10$kcWQTdP5SxViipwAR1q6X.z3qHZARLE7QJcEcn/7rQa9rKoV8xYvC',	NULL,	NULL,	1,	'2015-03-31 20:46:07',	'2015-03-31 20:46:07',	NULL,	'YwB2qwsNrlBnUi99Yf2nxYbCwWYIS6'),
(24,	'dilipkumar0503',	'regular',	'9094844815',	'Dilip ',	'Kumar',	'dilipkumar0503@live.com',	1,	'$2y$10$HX/GijRV/x7WDBaOYUTvfuElB52J7P3o97ybz5zIV8hyuifKOJWEW',	NULL,	NULL,	1,	'2015-04-02 06:25:35',	'2015-04-02 06:49:16',	'PE68bKzqREOZvTtqP3FkJqK0SNOZUDPsqWGBah3ppBfr0e77bNirNtnuNf2Y',	'sNDIHq5FdZC3M0KIFuQqaBfQPKOryV'),
(25,	'sivag',	'regular',	'100',	'Siva',	'Ganesh',	'mail@sivaganesh.com',	1,	'$2y$10$2KZpDSvcB0r/LaWSBfn50.ijXfh6638KVgkbzBOQ.m.6O7TnJTeDK',	NULL,	'25_1429732549.jpeg',	1,	'2015-04-02 06:30:11',	'2015-04-02 06:30:11',	NULL,	'MzItCNm0iAmmdr0jpKuwHlGULlx1dJ'),
(26,	'sjshrish',	'regular',	'+919677014018',	'Shrish',	'Shukla',	'shuklaj.shrish@gmail.com',	1,	'$2y$10$/IetD.4yMKDfD8nYP39RV.7mkuYjqRQednRksgxAB3Zzq0bFcOOIO',	NULL,	NULL,	1,	'2015-04-02 06:51:30',	'2015-04-02 06:51:30',	NULL,	'ZBO0CkNa13qbH7VaD1yxXdIgbjUJYP'),
(27,	'shaq',	'regular',	'',	'Shekinah',	'Sugandaran',	'shack91@gmail.com',	1,	'$2y$10$a.EDrj0lngoOljUVamlrKuydozJrOsewRC4xQWlbKl9HTgWHehP/a',	NULL,	'27_1429298224.jpeg',	1,	'2015-04-02 12:26:56',	'2015-04-17 13:48:10',	'5CfKyp9ZMkdpsrK1bmuU5HfCCyK6XAsVVbXLgSrHRUeNfC4UW82IbNL99o13',	'NjnigBxTwWtgUnYivj6Kjxj0Uk8wLU'),
(28,	'ani',	'regular',	'07448499096',	'Anitha',	'Jagan',	'anithal@rocketmail.com',	1,	'$2y$10$ixgsyPl9UePHqzeSIyKQsuYqUuztuaSzMyolbpgAZHXxdqMXEWpjW',	NULL,	'28_1429298690.jpeg',	1,	'2015-04-02 12:29:16',	'2015-04-17 13:54:58',	'0qWnqLfZmhXi9Lb3wqDwAOSuKhVFfH9FBE7SfZVzsTDq94m8uPAoFCx0Zwbo',	'EkBrCAmSw7Nq1SxNpmDcoj7MQr4u3E'),
(29,	'abul_wcse',	'regular',	'07466289015',	'Abul Hassan',	'Anwar Hussain',	'abul.hussain@jadu.co.uk',	1,	'$2y$10$AxhUj5JdwG.0KqAPraJxRuaAPwxGDxJvrSYDk/JbEFGLV6Xrku4aW',	NULL,	'29_1428018790.jpeg',	1,	'2015-04-02 18:08:33',	'2015-04-02 18:08:33',	NULL,	'hZCHb48PG5EUfbHuYGdMVVZQJXSh6a'),
(30,	'bhalmung',	'regular',	'',	'Parameswaran',	'Mahendran',	'bhalmung@gmail.com',	1,	'$2y$10$6UayatPY6b.nJOeP.O.0tOyiIOGC9dafSBoafADaMgWAxfWLCxUNa',	NULL,	NULL,	1,	'2015-04-02 18:10:03',	'2015-04-02 18:10:03',	NULL,	'v9d7UPQBLEHPqmURBq6lL7yRovvlpE'),
(31,	'kabilankarunakaran',	'regular',	'07405916669',	'Kabilan',	'Karunakaran',	'kabilan_529@yahoo.co.in',	1,	'$2y$10$e5o6O7MGxPdZHrueDEYicOnCZlvrk6NZvwsSrQ5x..3cO1c6uOyuS',	NULL,	'31_1428339716.jpeg',	1,	'2015-04-06 11:12:07',	'2015-04-06 11:12:07',	NULL,	'cq8vdTWLriWLQo40AYD1rlBhp1a27F'),
(32,	'tapasssharma',	'regular',	'07752320372',	'Tapas',	'Sharma',	'theinspireddesigner@gmail.com',	1,	'$2y$10$0iEiwK8mOhNIjrf6r8i6cOye4M0Jk.m5FeG3MQQRIiOy6x5mL1SgK',	NULL,	NULL,	1,	'2015-04-06 15:19:55',	'2015-04-06 15:19:55',	NULL,	'3Sh4dX7zrTZmIreQZ4OoyGiu8lHyVH'),
(33,	'Smriti1392',	'regular',	'07508706523',	'Smriti',	'Shashikumar',	'smriti.shashikumar@yahoo.com',	NULL,	'$2y$10$YBFGhmudtwKnDU6OT9ede.Yv5w2nrUK/laap921B17CR3tDilxlNK',	NULL,	NULL,	1,	'2015-04-14 04:57:15',	'2015-05-04 10:50:14',	'luaguBpR80nnj2o3ce4i3b9J1b3lfbl48fTtym8vY3tZt69b0sRGPeTm9MfS',	'51S3bpXl9KJ3AtfbPyIMN0LAp1zZNW'),
(34,	'deepak-rana',	'regular',	'',	'Deepak',	'Rana',	'ds_rana@outlook.com',	NULL,	'$2y$10$fupgXlkyW2tbQaM9CehoNeK/rpXld6Ax5GZQKmSdUs0wrlfQFnk4e',	NULL,	NULL,	1,	'2015-04-14 14:02:35',	'2015-04-15 02:06:47',	'OLNvHeGoR3Zv11XICxIrrF17UwOm9ImCcy9j4UX6gO0yI1FB0LKzalA9Yw3X',	'pvC50vl26PTj21sjlGaG6f9srIyM8S'),
(36,	'tomkibble',	'regular',	'07950784444',	'Tom',	'Kibble',	'tom.kibble91@ntlworld.com',	NULL,	'$2y$10$s8P3aZd6v29kySna7Zez0uZ/YuJxBwnnBVU/NchR8qe0wGGBiHzGi',	NULL,	NULL,	1,	'2015-04-15 09:39:38',	'2015-04-15 09:39:38',	NULL,	'Q32ctfQ2uOPo9iAIaF5ohunaj19gBN'),
(37,	'admin',	'regular',	'',	'Admin',	'UASDF',	'mail@uasdf.com',	NULL,	'$2y$10$fgjFnFQysPKDzUACAakPB./q5lI0fZLFc4Atx6.DYoKLndo2Pnit2',	NULL,	NULL,	1,	'2015-04-18 04:56:00',	'2015-04-18 04:56:00',	NULL,	'WSCgAWm8iYc0Yj9ZaYy2bkdSsBddY0'),
(38,	'nirpiterman',	'regular',	'',	'Nir',	'Piterman',	'nir.piterman@leicester.ac.uk',	1,	'$2y$10$9iLXVG1HD.KxU3hZ1Awgo.Asjv4W3VllQGUy9EDmUVMQBCw..qzh6',	NULL,	'38_1429385188.jpeg',	1,	'2015-04-18 05:58:00',	'2015-04-18 13:18:42',	'yIUGagx9hKpqg7ltJp1h7R4GGj9vEegiFcRU5sT9iDoXFsTCV7NOl3kfYkfq',	'ZVUPU4qXQpkoR67nZVtAYCsC8He1lN'),
(39,	'DivyaMahesh',	'regular',	'9790946138',	'Divya',	'Mahesh',	'divyamaheswaran93@gmail.com',	1,	'$2y$10$ITv8xYIuTdofC7dD6.cHmORVzB6F6QHkjrBK3X/lNICdwOGoA2Aye',	NULL,	NULL,	1,	'2015-04-18 08:34:53',	'2015-04-18 14:46:13',	'Goc12uLld0TZaXUR11xjowVIvR12DEnfrxzsfTTjLZ1VURKGo6JgcKAVNnl3',	'Dlu0kuPHvg8LkSucEVSjaddMZ60wnI'),
(40,	'madhu0703',	'regular',	'',	'Madhubala',	'Andi',	'madhubala0703@gmail.com',	1,	'$2y$10$M8/K.B4oR.bXPgQrgu0yhuWvaYRdsm7/.Aa6kZfsVqxKaWNe5J.Mm',	NULL,	NULL,	1,	'2015-04-18 12:03:28',	'2015-04-18 12:03:28',	NULL,	'mNAaHS8uKaE6W8V9naMfyuHazSF42T'),
(56,	'vikram',	'regular',	'',	'Vikramnath',	'Venkatasubramani',	'rvvikramnath@gmail.com',	1,	'$2y$10$3nvKRvmmj4sMNI4tv/lAGO9HmGL7BVvCUlnQy5hAKdshS4st8QHvy',	NULL,	NULL,	1,	'2015-04-19 11:08:37',	'2015-04-19 11:08:37',	NULL,	'cltvmQxBsBsRLg6P1ICOcPH2wOWfN9'),
(57,	'srikhs',	'regular',	'',	'Saisrikanth',	'Rathakrishnan',	'srikhs@gmail.com',	1,	'$2y$10$CeEYbx7dHQrVYqKErDqYPOUr.FITf1xwzKK.YOeGdRSrCxlADfQqS',	NULL,	'57_1429462493.jpeg',	1,	'2015-04-19 11:12:58',	'2015-04-24 08:28:57',	'WKJGvhDhHdpqW29HJqIyexU7bKxABWgaLxEmMXlASD0sWMVgcb9gz22oHOMA',	'wHojUhmt2lgzhfBUt2T2aqUEipa02x'),
(58,	'deepakkumarv',	'regular',	'+919944305999',	'Deepak',	'Kumar',	'aspiring.us@gmail.com',	1,	'$2y$10$DSsGADoxz1tGtR6gFNloCeqPMv63jRb4EKlAZ0wZGYQrDGE/dZ6ui',	NULL,	NULL,	1,	'2015-04-20 10:27:34',	'2015-04-20 10:27:34',	NULL,	'xjCZs2WI84Dh9zlGooXairLCjBRc2j'),
(60,	'bhavethira95',	'regular',	'9487586644',	'Bhavethira',	'Baskaran',	'bhavethira95@gmail.com',	NULL,	'$2y$10$rVervHwE4bofB6OGK0k0WOZr3gWWy0j3oMi43w8ut7XXTk3AV3VHG',	NULL,	NULL,	1,	'2015-04-22 14:45:18',	'2015-04-23 17:33:25',	'KVwmwgd3IT4jEuBTtIgrwyU5C20rMK1rU6heR5OgEonreKkZOXaROrIJ11yT',	'FH0yUCjrdpTQfEfcYBvPRgJuT4dUcs'),
(61,	'yeshwantnaresh',	'regular',	'09944365172',	'YESHWANTH',	'NARESH',	'yesh11a3asm@gmail.com',	NULL,	'$2y$10$MhxOCS9Lbf/BIwiI1EVpwOUEBR8QlKiQhNDrHzLZrF2WF/O4OD1JS',	NULL,	NULL,	1,	'2015-04-24 08:58:09',	'2015-04-24 08:58:09',	NULL,	'iUqIdm5R1L0whtEzLPs1IRoKm1jVVq'),
(62,	'nivasravi',	'regular',	'09840549915',	'Nivas',	'Ravichandran',	'nivasravichandran@gmail.com',	NULL,	'$2y$10$V7ZA6aBkwdTeUKRdgtuIVuBb9QtXAofYE6iafDwcdtS7f5a6SWczS',	NULL,	'62_1429896467.jpeg',	1,	'2015-04-24 11:55:38',	'2015-04-24 11:55:38',	NULL,	'7zNPHrpRpyNU3HwlqzaQkUOZW6XfEY'),
(63,	'Santhosh17',	'regular',	'+91- 9940348514',	'Santhosh',	'Subramani',	'santhoshvelan17@gmail.com',	NULL,	'$2y$10$JZPNk24seCUpJpSGRVbBT.i3Uw.cY/s4QQQJhVafmEVj6uf.VhiCe',	NULL,	NULL,	1,	'2015-04-25 02:49:10',	'2015-04-25 02:50:05',	'skhHkVlamPPPjNTMelRbVJLKiL65l4LJJkGkVfSQjaiZFXaNkcp3XorWD2vb',	'5HqIPv2wfSF7uWrFoYrpfD0PTu2as3'),
(64,	'Bioramani',	'regular',	' ',	'Ramani',	'Aswath',	'avr@ttkprestige.com',	NULL,	'$2y$10$oE2ieSWGob3J/iuwHC0R1uabcGfHhfYgOOi8DJ1pudsZkLCSoN.uO',	NULL,	'64_1429957483.jpeg',	1,	'2015-04-25 04:44:58',	'2015-04-25 04:44:58',	NULL,	'g82M8jCxzYAdG3fMf2J8MUooGxTE4J'),
(65,	'Praveen',	'regular',	'',	'Praveen',	'Purushothaman',	'praveenscience@gmail.com',	1,	'$2y$10$/g2./D69phZvJmajeeSGGu3C0EqH59NaqKia19BGt6ozQVU.T3uLq',	NULL,	'65_1430936437.jpeg',	1,	'2015-05-06 11:23:43',	'2015-05-06 11:23:43',	NULL,	'TR5PGSnJ69wFDWQugxiU2B4tk7cpSr'),
(69,	'vikram1991',	'regular',	'07821745645',	'Vikram',	'Ravindran',	'vikram1991@gmail.com',	1,	'$2y$10$RHn4vxEnpJQhOdHPT16bpe4xQ.aIvTTXwjp4ZkMAL.KO.9xiPjxo.',	NULL,	NULL,	1,	'2015-05-12 02:49:52',	'2015-05-12 02:49:52',	NULL,	'7ZNyXKqzUUc6beB4Y92P22vFtxEmpt'),
(70,	'annju',	'regular',	'525963600',	'Annju',	'Murugan',	'annju.murugan@gmail.com',	NULL,	'$2y$10$U6EFtYLr9xaLxjCfXX/MaOO4TgewkoRTvjrxvlRuWFM5yFFJQR7am',	NULL,	NULL,	1,	'2015-05-12 07:42:05',	'2015-05-12 07:42:05',	NULL,	'RGnWbx34i9wgn76JNVwbVsarAnj77d'),
(71,	'skelp',	'regular',	'',	'Skelp',	'Skelp',	'mail@skelp.net',	NULL,	'$2y$10$0ztQL7gA4DOPYNtcMneIrOvSsEzpOVE1vpYFCwkQRTWz0F9fC/PAC',	NULL,	'71_1431696503.jpeg',	1,	'2015-05-15 07:58:22',	'2015-05-15 09:49:22',	'Q9aPHETLR43IuRZ0gY2fwnyILRbUXuNMsu53W7bz6K7WyVO8XkgFzxNU5Ioi',	'GZcd3lQcY4SMmGZSoDjaR8PcoJc0bI'),
(72,	'ashoklogu',	'regular',	'7708671772',	'Ashokkumar',	'Loganath',	'ashok.logu001@gmail.com',	NULL,	'$2y$10$onKzsLwxyJIDzqpUh45gw.aiPC7dE5WKAJ.vWquTk4kTU9qhEP12S',	NULL,	NULL,	1,	'2015-05-15 08:51:51',	'2015-05-15 08:51:51',	NULL,	'fMmyO69foeXSH1W5MPx4xrk166RUqm');

DROP TABLE IF EXISTS `user_tags`;
CREATE TABLE `user_tags` (
  `id` tinyint(4) NOT NULL AUTO_INCREMENT COMMENT 'ID',
  `user_id` int(11) NOT NULL COMMENT 'User ID',
  `tag_type` enum('skill','teach','learn') NOT NULL COMMENT 'Tag type',
  `tag` varchar(50) NOT NULL COMMENT 'Tag',
  `level` tinyint(4) NOT NULL COMMENT 'Level',
  `created_at` timestamp NOT NULL DEFAULT CURRENT_TIMESTAMP,
  `updated_at` timestamp NOT NULL DEFAULT '0000-00-00 00:00:00',
  PRIMARY KEY (`id`),
  UNIQUE KEY `user_id_tag_type_tag` (`user_id`,`tag_type`,`tag`),
  CONSTRAINT `user_tags_ibfk_1` FOREIGN KEY (`user_id`) REFERENCES `users` (`id`) ON DELETE CASCADE
) ENGINE=InnoDB DEFAULT CHARSET=latin1;

INSERT INTO `user_tags` (`id`, `user_id`, `tag_type`, `tag`, `level`, `created_at`, `updated_at`) VALUES
(5,	6,	'skill',	'PHP',	2,	'0000-00-00 00:00:00',	'0000-00-00 00:00:00'),
(7,	18,	'skill',	'JQuery',	3,	'0000-00-00 00:00:00',	'0000-00-00 00:00:00'),
(11,	18,	'skill',	'PHP',	4,	'2015-04-05 19:20:54',	'2015-04-05 18:21:23'),
(15,	6,	'learn',	'HTML',	2,	'0000-00-00 00:00:00',	'0000-00-00 00:00:00'),
(18,	4,	'skill',	'Teaching',	4,	'0000-00-00 00:00:00',	'0000-00-00 00:00:00'),
(19,	18,	'learn',	'PHP',	2,	'0000-00-00 00:00:00',	'0000-00-00 00:00:00'),
(20,	18,	'skill',	'HTML',	4,	'0000-00-00 00:00:00',	'0000-00-00 00:00:00'),
(21,	18,	'learn',	'CSS',	1,	'0000-00-00 00:00:00',	'0000-00-00 00:00:00'),
(22,	24,	'skill',	'Marine',	3,	'0000-00-00 00:00:00',	'0000-00-00 00:00:00'),
(23,	27,	'skill',	'PHP',	3,	'0000-00-00 00:00:00',	'0000-00-00 00:00:00'),
(24,	27,	'skill',	'MySQL',	3,	'0000-00-00 00:00:00',	'0000-00-00 00:00:00'),
(25,	27,	'skill',	'HTML',	3,	'0000-00-00 00:00:00',	'0000-00-00 00:00:00'),
(26,	28,	'skill',	'Java',	3,	'0000-00-00 00:00:00',	'0000-00-00 00:00:00'),
(27,	28,	'skill',	'JavaScript',	3,	'0000-00-00 00:00:00',	'0000-00-00 00:00:00'),
(28,	28,	'skill',	'ASP',	3,	'0000-00-00 00:00:00',	'0000-00-00 00:00:00'),
(29,	29,	'skill',	'PHP',	4,	'0000-00-00 00:00:00',	'2015-04-22 17:08:06'),
(31,	29,	'skill',	'C++',	2,	'0000-00-00 00:00:00',	'0000-00-00 00:00:00'),
(33,	30,	'skill',	'C#',	3,	'0000-00-00 00:00:00',	'0000-00-00 00:00:00'),
(34,	30,	'skill',	'.NET',	3,	'0000-00-00 00:00:00',	'0000-00-00 00:00:00'),
(35,	30,	'skill',	'ASP.NET',	4,	'0000-00-00 00:00:00',	'0000-00-00 00:00:00'),
(37,	30,	'skill',	'PHP',	3,	'0000-00-00 00:00:00',	'0000-00-00 00:00:00'),
(40,	30,	'learn',	'java',	1,	'0000-00-00 00:00:00',	'0000-00-00 00:00:00'),
(41,	29,	'skill',	'Java',	4,	'0000-00-00 00:00:00',	'0000-00-00 00:00:00'),
(42,	30,	'learn',	'PHP',	3,	'0000-00-00 00:00:00',	'0000-00-00 00:00:00'),
(43,	18,	'skill',	'Selenium',	3,	'2015-04-05 18:55:14',	'2015-04-05 18:55:14'),
(44,	31,	'skill',	'Oracle',	4,	'2015-04-06 11:35:05',	'2015-04-06 11:35:05'),
(45,	31,	'skill',	'SQL',	4,	'2015-04-06 11:36:40',	'2015-04-06 11:36:40'),
(46,	1,	'learn',	'PhoneGap',	1,	'2015-04-18 06:45:44',	'2015-05-06 13:27:38'),
(47,	1,	'skill',	'Bootstrap',	4,	'2015-04-18 15:55:58',	'2015-05-15 13:15:06'),
(55,	56,	'skill',	'R Programming',	3,	'2015-04-19 11:10:41',	'2015-04-19 11:10:41'),
(56,	56,	'skill',	'Julia',	3,	'2015-04-19 11:10:51',	'2015-04-19 11:10:51'),
(57,	56,	'learn',	'Discrete Event Simulation',	1,	'2015-04-19 11:11:31',	'2015-04-19 11:11:31'),
(58,	56,	'skill',	'Statistics',	4,	'2015-04-19 11:11:58',	'2015-04-19 11:11:58'),
(59,	57,	'skill',	'PHP',	4,	'2015-04-19 11:14:38',	'2015-04-19 11:14:38'),
(60,	57,	'skill',	'MySQL',	4,	'2015-04-19 11:14:56',	'2015-04-19 11:14:56'),
(61,	57,	'skill',	'SQL Server (Microsoft)',	3,	'2015-04-19 11:15:38',	'2015-04-19 11:15:38'),
(62,	57,	'skill',	'Python',	3,	'2015-04-19 11:15:54',	'2015-04-19 11:15:54'),
(63,	57,	'skill',	'C#',	3,	'2015-04-19 11:17:23',	'2015-04-19 11:17:23'),
(64,	57,	'skill',	'Wordpress',	3,	'2015-04-19 11:17:44',	'2015-04-19 11:17:44'),
(65,	58,	'skill',	'PHP',	4,	'2015-04-20 10:29:01',	'2015-04-20 10:29:01'),
(66,	58,	'skill',	'HTML',	4,	'2015-04-20 10:29:15',	'2015-04-20 10:29:15'),
(67,	58,	'skill',	'CSS',	4,	'2015-04-20 10:29:27',	'2015-04-20 10:29:27'),
(68,	58,	'skill',	'JavaScript',	4,	'2015-04-20 10:29:47',	'2015-04-20 10:29:47'),
(69,	58,	'skill',	'MySQL',	3,	'2015-04-20 10:30:26',	'2015-04-20 10:30:26'),
(70,	36,	'skill',	'Adobe Illustrator',	3,	'2015-04-22 14:22:44',	'2015-04-22 14:22:44'),
(72,	36,	'skill',	'Adobe Photoshop',	2,	'2015-04-22 14:23:04',	'2015-04-22 14:23:04'),
(73,	36,	'skill',	'Glyphs',	3,	'2015-04-22 14:23:49',	'2015-04-22 14:23:49'),
(76,	25,	'skill',	'Laravel',	4,	'2015-04-22 14:36:10',	'2015-04-22 14:36:10'),
(77,	25,	'skill',	'PHP',	4,	'2015-04-22 14:36:18',	'2015-04-22 14:36:18'),
(78,	25,	'learn',	'Data Science',	1,	'2015-04-22 14:36:43',	'2015-04-22 14:36:43'),
(81,	25,	'skill',	'MySQL',	4,	'2015-04-24 09:18:27',	'2015-04-24 09:18:27'),
(82,	25,	'learn',	'Nothing',	3,	'2015-04-24 09:19:12',	'2015-04-24 09:19:12'),
(83,	37,	'skill',	'PHP',	3,	'2015-04-24 12:55:34',	'2015-04-24 12:55:34'),
(84,	37,	'skill',	'MySQL',	3,	'2015-04-24 12:55:44',	'2015-04-24 12:55:44'),
(85,	38,	'skill',	'C++',	3,	'2015-04-24 13:05:32',	'2015-04-24 13:05:32'),
(86,	64,	'skill',	'Multi disciplinary technology R&D',	4,	'2015-04-25 04:56:51',	'2015-04-25 04:56:51'),
(87,	1,	'learn',	'JavaScript',	3,	'2015-05-06 11:40:20',	'2015-05-15 13:14:56'),
(89,	1,	'skill',	'Wordpress',	4,	'2015-05-06 11:53:58',	'2015-05-06 13:23:54'),
(90,	1,	'learn',	'Magento',	2,	'2015-05-06 12:19:56',	'2015-05-06 12:19:56'),
(92,	1,	'skill',	'PHP',	3,	'2015-05-06 13:27:53',	'2015-05-06 13:27:53'),
(93,	1,	'skill',	'MySQL',	3,	'2015-05-06 13:28:02',	'2015-05-06 13:28:09'),
(94,	65,	'skill',	'PHP',	4,	'2015-05-06 23:14:51',	'2015-05-06 23:14:51'),
(95,	69,	'learn',	'hadoop big data',	1,	'2015-05-12 02:51:26',	'2015-05-12 02:51:26'),
(96,	71,	'skill',	'PHP',	2,	'2015-05-15 07:58:48',	'2015-05-15 07:58:48'),
(97,	72,	'skill',	'ORACLE DBA',	3,	'2015-05-15 08:57:11',	'2015-05-15 08:57:11'),
(98,	72,	'learn',	'PLSQL',	1,	'2015-05-15 08:57:27',	'2015-05-15 08:57:27');

DROP TABLE IF EXISTS `workshops`;
CREATE TABLE `workshops` (
  `id` int(11) NOT NULL AUTO_INCREMENT COMMENT 'Workshop ID',
  `user_id` int(11) NOT NULL COMMENT 'Created by',
  `new_contact` tinyint(4) DEFAULT NULL COMMENT 'New contact?',
  `email` varchar(50) DEFAULT NULL COMMENT 'Email',
  `phone` varchar(50) DEFAULT NULL COMMENT 'Phone',
  `name` varchar(50) DEFAULT NULL COMMENT 'Name',
  `summary` varchar(2500) NOT NULL COMMENT 'Summary',
  `date` timestamp NULL DEFAULT NULL COMMENT 'Date',
  `time_start` varchar(50) DEFAULT NULL COMMENT 'Start time',
  `time_end` varchar(50) DEFAULT NULL COMMENT 'End time',
  `fee` varchar(50) DEFAULT 'Free' COMMENT 'Fees',
  `title` varchar(255) NOT NULL COMMENT 'Title',
  `slug` varchar(255) NOT NULL COMMENT 'Slug',
  `max_attendees` int(10) NOT NULL COMMENT 'Max attendees',
  `venue` varchar(100) DEFAULT NULL COMMENT 'Venue',
  `created_at` timestamp NOT NULL DEFAULT CURRENT_TIMESTAMP COMMENT 'Date created',
  `updated_at` timestamp NOT NULL DEFAULT '0000-00-00 00:00:00' COMMENT 'Date updated',
  PRIMARY KEY (`id`),
  KEY `created_by` (`user_id`),
  CONSTRAINT `workshops_ibfk_2` FOREIGN KEY (`user_id`) REFERENCES `users` (`id`) ON DELETE CASCADE ON UPDATE CASCADE
) ENGINE=InnoDB DEFAULT CHARSET=latin1 COMMENT='Workshops';

INSERT INTO `workshops` (`id`, `user_id`, `new_contact`, `email`, `phone`, `name`, `summary`, `date`, `time_start`, `time_end`, `fee`, `title`, `slug`, `max_attendees`, `venue`, `created_at`, `updated_at`) VALUES
(2,	1,	0,	'',	'',	'',	'<p>Description</p>',	'2015-05-28 00:00:00',	'10am',	'12pm',	'',	'PHP workshop',	'php-workshop',	10,	'United Kingdom',	'2015-04-05 19:14:47',	'2015-03-13 17:32:05'),
(3,	1,	0,	'',	'',	'',	'<p>Introduction to Java</p>',	'2015-03-28 23:14:47',	'',	'',	'',	'Java workshop',	'java-workshop',	10,	'United Kingdom',	'2015-04-05 19:14:47',	'2015-03-04 00:29:43'),
(8,	1,	0,	'',	'',	'',	'<p>Introduction to Python</p>',	'2015-03-28 23:14:47',	'',	'',	'Free',	'Python workshop',	'python-workshop',	999,	'United Kingdom',	'2015-04-05 19:14:47',	'2015-03-04 00:40:41'),
(16,	18,	0,	'',	'',	'',	'<p>This is a workshop for java.</p>',	'2015-03-18 00:00:00',	NULL,	NULL,	'free',	'Let\'s Collaborate',	'lets-collaborate',	20,	'Uni of leicester',	'2015-04-05 19:14:47',	'2015-03-14 23:47:14'),
(20,	1,	0,	'',	'',	'',	'<p>If you feel your computer is running slow or there are any issues with any of the application you use, we can then allot a specific time on which I will try and cleanup your computer or fix any other issues using Teamviewer. Send me a message if you need any support.</p>',	'2015-05-30 18:30:00',	'9:00 AM',	'10:00 PM',	'Free',	'Free Computer cleanup session via Teamviewer',	'free-computer-cleanup-via-teamviewer',	10,	'Teamviewer',	'2015-04-30 15:19:40',	'2015-04-30 15:25:02'),
(21,	1,	0,	'',	'',	'',	'<p>Test workshop description</p>',	'0000-00-00 00:00:00',	'',	'',	'Free',	'Test Workshop',	'test-workshop',	100,	'Leicester',	'2015-05-15 15:28:07',	'2015-05-15 15:38:14'),
(22,	1,	0,	'',	'',	'',	'<p>Test workshop description</p>',	'2015-05-14 18:30:00',	'9:00 PM',	'9:00 PM',	'Free',	'Test Workshop',	'test-workshop-1',	100,	'Leicester',	'2015-05-15 15:38:55',	'2015-05-15 15:42:23');

DROP TABLE IF EXISTS `workshop_attendees`;
CREATE TABLE `workshop_attendees` (
  `id` tinyint(4) NOT NULL AUTO_INCREMENT COMMENT 'ID',
  `workshop_id` int(11) NOT NULL COMMENT 'WorkshopID',
  `user_id` int(11) NOT NULL COMMENT 'User ID',
  `attended` tinyint(4) DEFAULT NULL COMMENT 'Attended',
  `cancelled` tinyint(4) DEFAULT NULL COMMENT 'Cancelled',
  `created_at` timestamp NOT NULL DEFAULT CURRENT_TIMESTAMP,
  `updated_at` timestamp NOT NULL DEFAULT '0000-00-00 00:00:00',
  PRIMARY KEY (`id`),
  KEY `workshop_id` (`workshop_id`),
  KEY `user_id` (`user_id`),
  CONSTRAINT `workshop_attendees_ibfk_5` FOREIGN KEY (`workshop_id`) REFERENCES `workshops` (`id`) ON DELETE CASCADE ON UPDATE CASCADE,
  CONSTRAINT `workshop_attendees_ibfk_6` FOREIGN KEY (`user_id`) REFERENCES `users` (`id`) ON DELETE CASCADE ON UPDATE CASCADE
) ENGINE=InnoDB DEFAULT CHARSET=latin1 COMMENT='Workshop Attendees';

INSERT INTO `workshop_attendees` (`id`, `workshop_id`, `user_id`, `attended`, `cancelled`, `created_at`, `updated_at`) VALUES
(13,	8,	18,	NULL,	NULL,	'2015-04-05 18:27:53',	'2015-04-05 18:27:53'),
(15,	16,	27,	NULL,	NULL,	'2015-04-06 11:52:02',	'2015-04-06 11:52:02'),
(16,	16,	1,	NULL,	NULL,	'2015-04-14 13:44:03',	'2015-04-14 13:44:03'),
(17,	16,	4,	NULL,	NULL,	'2015-04-15 13:16:31',	'2015-04-15 13:16:31');

DROP TABLE IF EXISTS `workshop_comments`;
CREATE TABLE `workshop_comments` (
  `id` int(11) NOT NULL AUTO_INCREMENT COMMENT 'Comment ID',
  `workshop_id` int(11) NOT NULL COMMENT 'Workshop ID',
  `user_id` int(11) NOT NULL COMMENT 'User ID',
  `comment` varchar(2000) NOT NULL COMMENT 'Comment',
  `solution` tinyint(4) DEFAULT NULL COMMENT 'Solution',
  `deleted` tinyint(4) DEFAULT NULL COMMENT 'Deleted',
  `drafted` tinyint(4) DEFAULT NULL COMMENT 'Drafted',
  `banned` tinyint(4) DEFAULT NULL COMMENT 'Banned',
  `created_at` timestamp NOT NULL DEFAULT CURRENT_TIMESTAMP COMMENT 'Date created',
  `updated_at` timestamp NOT NULL DEFAULT '0000-00-00 00:00:00' COMMENT 'Date updated',
  PRIMARY KEY (`id`),
  KEY `issue_id` (`workshop_id`),
  KEY `user_id` (`user_id`),
  CONSTRAINT `workshop_comments_ibfk_1` FOREIGN KEY (`workshop_id`) REFERENCES `workshops` (`id`) ON DELETE CASCADE
) ENGINE=InnoDB DEFAULT CHARSET=latin1 COMMENT='Issue Comments';

INSERT INTO `workshop_comments` (`id`, `workshop_id`, `user_id`, `comment`, `solution`, `deleted`, `drafted`, `banned`, `created_at`, `updated_at`) VALUES
(2,	16,	1,	'<p>TEst</p><p><br></p>',	NULL,	NULL,	NULL,	NULL,	'2015-03-17 20:29:22',	'2015-03-17 20:29:22'),
(5,	16,	1,	'<p>TEst 2</p>',	NULL,	NULL,	NULL,	NULL,	'2015-04-22 07:18:51',	'2015-04-22 07:18:51');

DROP TABLE IF EXISTS `workshop_comment_reply`;
CREATE TABLE `workshop_comment_reply` (
  `comment_id` int(11) NOT NULL COMMENT 'Comment ID',
  `user_id` int(11) NOT NULL COMMENT 'User ID',
  `comment` varchar(2000) NOT NULL COMMENT 'Comment',
  `deleted` tinyint(4) DEFAULT NULL COMMENT 'Deleted',
  `drafted` tinyint(4) DEFAULT NULL COMMENT 'Drafted',
  `banned` tinyint(4) DEFAULT NULL COMMENT 'Banned',
  `reported` tinyint(4) DEFAULT NULL COMMENT 'Reported',
  `created_at` timestamp NOT NULL DEFAULT CURRENT_TIMESTAMP COMMENT 'Date created',
  `updated_at` timestamp NOT NULL DEFAULT '0000-00-00 00:00:00' COMMENT 'Date updated',
  KEY `comment_id` (`comment_id`),
  KEY `user_id` (`user_id`),
  CONSTRAINT `workshop_comment_reply_ibfk_2` FOREIGN KEY (`comment_id`) REFERENCES `workshop_comments` (`id`) ON DELETE CASCADE ON UPDATE CASCADE
) ENGINE=InnoDB DEFAULT CHARSET=latin1 COMMENT='Issue Comment Reply';

INSERT INTO `workshop_comment_reply` (`comment_id`, `user_id`, `comment`, `deleted`, `drafted`, `banned`, `reported`, `created_at`, `updated_at`) VALUES
(2,	1,	'<p>Ok that fine</p>',	NULL,	NULL,	NULL,	NULL,	'2015-04-22 07:19:37',	'2015-04-22 07:19:37');

DROP TABLE IF EXISTS `workshop_organizers`;
CREATE TABLE `workshop_organizers` (
  `workshop_id` int(11) NOT NULL COMMENT 'Workshop ID',
  `user_id` int(11) NOT NULL COMMENT 'User ID',
  `description` varchar(500) NOT NULL COMMENT 'Description',
  `role` varchar(100) NOT NULL COMMENT 'Role',
  `order` tinyint(4) DEFAULT NULL COMMENT 'Order',
  `created_at` timestamp NOT NULL DEFAULT CURRENT_TIMESTAMP,
  `updated_at` timestamp NOT NULL DEFAULT '0000-00-00 00:00:00',
  KEY `workshop_id` (`workshop_id`),
  KEY `user_id` (`user_id`),
  CONSTRAINT `workshop_organizers_ibfk_3` FOREIGN KEY (`workshop_id`) REFERENCES `workshops` (`id`) ON DELETE CASCADE ON UPDATE CASCADE,
  CONSTRAINT `workshop_organizers_ibfk_4` FOREIGN KEY (`user_id`) REFERENCES `users` (`id`) ON DELETE CASCADE ON UPDATE CASCADE
) ENGINE=InnoDB DEFAULT CHARSET=latin1 COMMENT='Workshop organizers';


DROP TABLE IF EXISTS `workshop_poll`;
CREATE TABLE `workshop_poll` (
  `id` int(11) NOT NULL AUTO_INCREMENT COMMENT 'Poll for?',
  `workshop_id` int(11) NOT NULL COMMENT 'Id',
  `option1_1` varchar(20) NOT NULL COMMENT 'Option 1 Date',
  `option1_2` varchar(20) NOT NULL COMMENT 'Option 1 ST',
  `option1_3` varchar(20) NOT NULL COMMENT 'Option 1 ET',
  `option2_1` varchar(20) DEFAULT NULL COMMENT 'Option 2 Date',
  `option2_2` varchar(20) DEFAULT NULL COMMENT 'Option 2 ST',
  `option2_3` varchar(20) DEFAULT NULL COMMENT 'Option 2 ET',
  `option3_1` varchar(20) DEFAULT NULL COMMENT 'Option 3 Date',
  `option3_2` varchar(20) DEFAULT NULL COMMENT 'Option 3 ST',
  `option3_3` varchar(20) DEFAULT NULL COMMENT 'Option 3 ET',
  `option4_1` varchar(20) DEFAULT NULL COMMENT 'Option 4 Date',
  `option4_2` varchar(20) DEFAULT NULL COMMENT 'Option 4 ST',
  `option4_3` varchar(20) DEFAULT NULL COMMENT 'Option 4 ET',
  `closed` tinyint(4) DEFAULT NULL COMMENT 'Colsed',
  PRIMARY KEY (`workshop_id`),
  UNIQUE KEY `id` (`id`),
  CONSTRAINT `workshop_poll_ibfk_2` FOREIGN KEY (`workshop_id`) REFERENCES `workshops` (`id`) ON DELETE CASCADE ON UPDATE CASCADE
) ENGINE=InnoDB DEFAULT CHARSET=latin1;

INSERT INTO `workshop_poll` (`id`, `workshop_id`, `option1_1`, `option1_2`, `option1_3`, `option2_1`, `option2_2`, `option2_3`, `option3_1`, `option3_2`, `option3_3`, `option4_1`, `option4_2`, `option4_3`, `closed`) VALUES
(1,	21,	'15 May 2015',	'9:00 PM',	'9:00 PM',	'15 May 2015',	'',	'',	'',	'',	'',	'',	'',	'',	NULL),
(2,	22,	'15 May 2015',	'9:00 PM',	'9:00 PM',	'15 May 2015',	'10:15 PM',	'11:15 PM',	'',	'',	'',	'',	'',	'',	NULL);

DROP TABLE IF EXISTS `workshop_poll_selections`;
CREATE TABLE `workshop_poll_selections` (
  `workshop_poll_id` int(11) NOT NULL COMMENT 'Option ID',
  `user_id` int(11) NOT NULL COMMENT 'User ID',
  `option1` tinyint(4) DEFAULT NULL,
  `option2` tinytext,
  `option3` tinyint(4) DEFAULT NULL,
  `option4` tinyint(4) DEFAULT NULL,
  KEY `user_id` (`user_id`),
  KEY `workshop_poll_id` (`workshop_poll_id`),
  CONSTRAINT `workshop_poll_selections_ibfk_4` FOREIGN KEY (`user_id`) REFERENCES `users` (`id`) ON DELETE CASCADE ON UPDATE CASCADE,
  CONSTRAINT `workshop_poll_selections_ibfk_6` FOREIGN KEY (`workshop_poll_id`) REFERENCES `workshop_poll` (`id`) ON DELETE CASCADE ON UPDATE CASCADE
) ENGINE=InnoDB DEFAULT CHARSET=latin1;


DROP TABLE IF EXISTS `workshop_tags`;
CREATE TABLE `workshop_tags` (
  `id` tinyint(4) NOT NULL AUTO_INCREMENT COMMENT 'ID',
  `workshop_id` int(11) DEFAULT NULL COMMENT 'Workshop Id',
  `tag_type` enum('skill') NOT NULL COMMENT 'Tag type',
  `tag` varchar(50) NOT NULL COMMENT 'Tag',
  `level` tinyint(4) NOT NULL COMMENT 'Level',
  `created_at` timestamp NOT NULL DEFAULT CURRENT_TIMESTAMP ON UPDATE CURRENT_TIMESTAMP,
  `updated_at` timestamp NOT NULL DEFAULT '0000-00-00 00:00:00',
  PRIMARY KEY (`id`),
  KEY `workshop_id` (`workshop_id`),
  CONSTRAINT `workshop_tags_ibfk_2` FOREIGN KEY (`workshop_id`) REFERENCES `workshops` (`id`) ON DELETE CASCADE ON UPDATE CASCADE
) ENGINE=InnoDB DEFAULT CHARSET=latin1 COMMENT='Workshop tags';

INSERT INTO `workshop_tags` (`id`, `workshop_id`, `tag_type`, `tag`, `level`, `created_at`, `updated_at`) VALUES
(2,	16,	'skill',	'Java',	3,	'0000-00-00 00:00:00',	'0000-00-00 00:00:00'),
(3,	8,	'skill',	'Python',	3,	'0000-00-00 00:00:00',	'0000-00-00 00:00:00'),
(4,	8,	'skill',	'PHP',	3,	'0000-00-00 00:00:00',	'0000-00-00 00:00:00');

-- 2015-05-15 21:33:28
